Subject;Menu;engagement;memorization;attraction;workload;Duration;engagementDistance;memorizationDistance;attractionDistance;workloadDistance
31;Aarea;52,36657265;20,85861142;-0,085999135;22,27290481;5602000;887,1492459;665,3216333;1560,368706;670,0657182
32;Aarea;39,35372811;31,20073525;-11,18008265;51,37426559;7199000;727,8836564;948,8174376;1448,505144;1316,668297
33;Aarea;18,49410835;18,3379403;3,625143284;31,37554497;1992000;596,0820198;543,0038841;1322,234737;539,4849952
34;Aarea;43,47431576;33,28831069;4,882861582;50,83330808;7059000;971,3259423;1007,822266;1527,157735;1063,971744
35;Aarea;26,15852398;17,6579589;-35,84685897;32,68318345;1402000;670,5194394;523,6857485;1160,304403;522,1878202
36;Aarea;56,00894408;15,30233511;-3,136362775;29,09142211;3898000;706,3545662;719,749433;1136,89997;763,3516871
37;Aarea;32,71457671;28,0279181;53,8423795;39,57557362;2300000;514,2462135;926,2634412;1895,638064;716,3122932
38;Aarea;44,26949527;35,07066701;2,741442466;27,65898758;2801000;665,0823488;648,2099342;1140,877412;626,6171065
39;Aarea;26,49960738;13,22136853;33,57763708;22,38047144;2300000;676,9303851;644,3171291;1150,970995;784,8216469
40;Aarea;50,24091986;44,0146415;46,73635665;64,94464683;2602000;659,3436038;865,8087895;1465,365554;1005,966152
41;Aarea;31,22284522;19,06545284;-17,81895562;20,18427103;2200000;557,9763545;534,1723317;1427,987369;603,6562802
42;Aarea;44,21210616;15,81626076;-3,151831557;18,42270773;3902000;613,5875859;560,3471669;1467,335239;708,8914757
43;Aarea;27,68497754;28,13391606;9,558498965;20,65738765;5500000;778,6459852;781,9273368;1583,343498;697,9065099
44;Aarea;25,43334584;33,36990536;2,114883328;40,61856679;2402000;573,7387226;544,3763511;1384,441053;610,3299072
45;Aarea;34,22351038;20,87366462;-3,414298348;13,57108946;4301000;711,8134474;583,6463014;1518,19771;610,1955145
46;Aarea;45,96975251;18,297923;-1,938634251;37,50610409;2598000;528,440805;548,0900811;1092,097447;598,77039
47;Aarea;20,01894772;20,39386686;9,110184314;21,85969444;3000000;572,0237159;512,6370784;1174,060981;761,4402022
48;Aarea;44,56882788;14,77107275;-43,53700258;21,33066781;2700000;705,9208306;726,0492649;1266,005939;660,1842541
49;Aarea;38,08633171;46,53396931;9,635973639;51,0855264;2899000;566,6069595;1117,832772;1289,097104;1037,318553
50;Aarea;25,21806132;7,517683979;-18,71683078;15,13514255;4000000;564,9498443;622,7833187;1428,857837;709,256477
51;Aarea;44,43738642;5,320995049;15,7997442;23,41644531;4797000;586,2323875;637,6883075;1187,776333;757,9576174
52;Aarea;15,7895227;34,32115435;-18,48450086;32,68218802;7199000;909,0058796;1054,450832;2043,995375;872,4616662
53;Aarea;30,31482152;28,73157051;0,706610765;33,22752697;2211000;558,1764768;565,6018557;1272,139558;675,526729
81;Aarea;39,91592871;3,976384932;38,49618407;6,125579363;2176000;515,3200504;735,7124885;1347,397274;924,2187458
82;Aarea;36,20713093;11,51414162;24,27914116;27,93324773;3008000;570,020521;627,4264911;1108,259631;593,564698
83;Aarea;27,99345648;34,4460895;-10,82921819;48,8400263;2261000;508,2657093;579,504903;1097,517729;911,388742
84;Aarea;24,18412486;7,881784186;52,21168486;41,95352508;1699000;608,4586121;715,4134118;1134,722909;827,7775475
85;Aarea;35,90656822;23,08871236;-5,232060019;42,86822969;2574000;798,9563643;539,3365301;1146,626928;657,4524482
86;Aarea;43,50437465;7,835984956;-5,483201707;37,19458231;3676000;631,9128542;696,4759192;1271,832519;786,1388743
87;Aarea;22,44521857;38,06314034;31,44054105;33,44039578;2160000;547,9540431;706,3757781;1141,251995;621,0985542
88;Aarea;8,476986325;16,11046958;-42,4660798;25,2768994;2485000;751,1239951;559,8614504;1513,079561;718,9575685
89;Aarea;66,30797086;9,85093445;-3,307490527;32,26555359;2523000;726,8371942;610,1804105;1169,558632;587,1354866
90;Aarea;23,12806864;16,45474389;-12,98249662;45,81574552;6582000;606,4088073;671,1975868;1382,239092;1020,361362
91;Aarea;36,58160801;35,26960629;18,02359834;49,86895313;14688000;1204,967474;1707,920023;2978,628034;1714,864668
92;Aarea;52,42147491;26,15888751;-10,25220793;32,21961113;2047000;881,1946893;513,0913956;1233,091781;610,123567
93;Aarea;34,82398163;36,69687851;0,992317571;43,63256231;2516000;578,0383336;711,7449913;1258,085669;624,5656288
94;Aarea;24,52611506;14,11740501;2,235525089;25,76847358;2715000;502,9846102;566,0728913;1257,510002;678,6264853
95;Aarea;25,06432702;25,02225183;14,66839905;19,26507239;3996000;777,282957;779,8844904;1197,087603;718,1488414
96;Aarea;38,99521388;23,35187465;-27,56615339;46,12451236;7109000;675,6475502;851,2794954;1909,212486;944,071065
97;Aarea;56,07901099;40,61765668;-7,614117373;36,85214285;3266000;607,1019311;825,2612798;1178,137597;642,4819824
31;Blinking;27,85444071;35,66597717;-44,96766319;21,83838244;1703000;504,2462144;429,3410858;1443,456771;440,2304392
32;Blinking;41,99627919;34,97102515;10,98807867;38,68879039;4899000;729,1105538;891,3089111;1925,66467;746,224951
33;Blinking;17,97260608;18,74952335;5,73207653;19,85330298;1422000;633,4276102;376,8413897;970,4065301;474,0681446
34;Blinking;23,06920995;19,4338098;-23,05770072;23,57656333;4789000;651,0007908;725,446938;1553,595427;706,7560358
35;Blinking;53,74591217;10,54817754;44,51357529;39,67237094;2500000;553,429594;457,5514279;1217,025523;566,9106245
36;Blinking;70,17264064;7,899282894;2,832156132;29,95129714;2199000;800,8430973;450,0999006;1067,866919;547,0811942
37;Blinking;34,00213841;13,37833346;49,56837151;7,567674585;1801000;375,3174909;350,2027434;1226,411147;572,3469118
38;Blinking;40,57807538;38,58130363;-20,04571002;25,03409456;2403000;515,9821179;788,9503633;1110,249493;552,092926
39;Blinking;36,75489518;16,29428703;31,90093115;15,05525593;2699000;744,1685988;447,7026631;1203,589324;512,6621978
40;Blinking;27,89648057;36,38298374;37,32731583;59,72842475;2301000;581,4239394;766,0996604;1103,659421;890,8125524
41;Blinking;79,28835183;1,693221917;-70,53907456;10,39000266;2199000;851,0738222;550,8535952;1672,087277;557,3274794
42;Blinking;73,68977041;3,607422762;5,284849812;11,91771088;2500000;870,9954515;506,9679388;1355,897939;513,9043611
43;Blinking;38,75846868;25,31726021;6,191763225;15,47764584;1801000;496,1293251;374,8469087;993,2521465;484,581275
44;Blinking;39,77808448;37,8717758;37,3238951;46,01750744;1500000;511,7397435;465,2498417;1344,671635;590,343174
45;Blinking;57,17757173;7,351644733;53,77216227;17,50106007;2398000;723,2740545;372,5374996;1166,849925;665,0846169
46;Blinking;38,17451064;39,27268192;15,52544419;71,44214278;1899000;484,7482174;500,918866;926,8091087;792,3601507
47;Blinking;19,10094537;25,90193818;-11,30697677;24,05411343;1898000;624,3826214;647,0935262;1246,128816;537,2924874
48;Blinking;39,30555967;7,023028761;47,49921851;36,28607419;2398000;468,8217948;430,0116751;982,5569638;539,3928145
49;Blinking;34,78883068;15,24781781;-16,16883537;34,23447229;2398000;540,2862454;412,5514635;1343,1667;654,6167101
50;Blinking;30,32193077;12,79888164;7,94935018;24,94969476;2301000;469,320956;409,3704651;1328,837166;754,8013386
51;Blinking;30,03951626;58,99703874;45,80651463;59,39758329;2402000;555,4618967;1069,347186;1306,751636;910,5540319
52;Blinking;12,2204388;18,97726738;41,2019945;16,09119503;2102000;631,6771432;399,2764525;1306,443539;488,8164486
53;Blinking;17,77146156;7,076236005;-18,63778527;12,4844129;1325000;679,2451315;442,1353065;1029,00893;547,6154866
81;Blinking;60,090407;8,026234729;30,0031997;23,16104828;1793000;695,9959032;435,8084501;1269,887145;449,191976
82;Blinking;26,09132737;14,38950416;-33,84448492;41,58291072;1058000;410,401077;408,7585462;1585,661255;657,158426
83;Blinking;39,56633715;26,26141656;50,17648919;73,72523051;1512000;549,0203127;439,2714276;1012,086051;681,4465535
84;Blinking;59,69113392;11,20201236;7,886645892;8,322983611;1442000;669,007781;474,462823;1136,395674;654,0950625
85;Blinking;18,13392199;26,26309928;18,0686896;37,98158857;1399000;613,397392;685,9171367;1012,440869;716,722054
86;Blinking;44,14906035;10,06703766;-1,308284114;30,9950083;1914000;498,5479357;395,5781057;883,9517802;476,801271
87;Blinking;25,56305524;35,19187014;-8,574288533;32,3546159;1871000;514,4693254;420,1456255;1190,758084;498,4558503
88;Blinking;61,4044407;25,11634194;0,568932806;14,855154;3184000;766,2144182;507,1325031;1401,95816;550,6293773
89;Blinking;34,8898165;34,38009943;-6,521479311;21,43798516;1519000;413,7227664;578,1551927;1116,597002;443,5128408
90;Blinking;41,00265137;28,06309654;-19,67446663;33,67951086;3449000;709,0433559;833,2531534;1270,768313;824,0358882
91;Blinking;58,38384212;6,931210984;43,6040818;43,3872072;2844000;787,8603502;439,0305799;1199,154273;717,4813885
92;Blinking;39,83999281;18,79734713;-7,539182639;44,99931659;2410000;491,239051;404,5603488;985,2813645;527,6443169
93;Blinking;58,51890103;11,95331617;16,80163894;13,19544722;1527000;524,7889431;356,6801212;1058,254504;451,6748361
94;Blinking;17,92742866;9,913629447;11,65109846;14,71858005;1922000;584,4873163;391,1148124;1041,229217;501,6386809
95;Blinking;16,54123522;14,29950626;18,85404118;24,87412856;1414000;574,4295208;393,6277211;1235,29489;498,8233423
96;Blinking;37,22916796;11,09417855;77,04985757;22,82223267;1141000;434,793589;389,1280604;1770,199056;474,5851134
97;Blinking;58,95358184;23,02161207;17,58023443;33,50887202;4508000;792,4413507;598,9535334;1277,083947;614,0639158
31;Bolding;31,36299665;12,07760197;34,8862506;16,233966;1199000;444,7435223;384,7661512;1127,706954;478,7491118
32;Bolding;40,10436472;14,6835404;-4,138268719;35,7832761;4402000;523,3072653;469,0433338;1714,533901;799,2051794
33;Bolding;34,10258532;8,511771734;39,89870865;24,90526589;1410000;435,1360054;441,8957256;1311,721393;473,2432547
34;Bolding;51,14372513;24,09943474;-3,882119602;42,18592898;7199000;1137,116783;1026,803797;2196,59265;1008,993374
35;Bolding;41,53103045;19,59079935;3,099250822;59,14925213;800000;458,6179955;382,460594;1048,572446;434,6978192
36;Bolding;70,63763028;2,224676532;62,43359281;10,99347527;1399000;542,0408514;548,4914852;1433,309763;619,0838022
37;Bolding;38,02332641;29,85099645;-23,97940115;39,52656781;2301000;601,4969283;715,3354334;1471,799347;532,5946645
38;Bolding;26,37564249;21,2795189;-11,96422245;36,74825229;2000000;487,9819598;363,5689484;1045,375309;562,2664816
39;Bolding;14,71058479;21,20697558;-0,20803815;39,36313052;3699000;665,6635832;420,5615176;1205,114085;853,9049859
40;Bolding;37,8689457;33,19571898;-11,50977009;49,03756355;1300000;583,423057;464,6606846;1045,461085;497,7694405
41;Bolding;22,16950129;14,19150763;28,14142118;25,7739913;1500000;532,5753635;361,4156314;1187,904058;452,0600121
42;Bolding;37,75512274;9,393037398;-4,772161309;18,72514016;1402000;528,2018341;369,5235163;1290,705931;456,5892976
43;Bolding;40,62908623;35,29035322;14,97286631;13,85948109;8301000;1152,276195;1279,279251;1801,018364;693,9942945
44;Bolding;25,06253293;16,36320141;-30,73066058;30,13726464;1800000;455,8070277;415,0722975;1174,111308;421,2518311
45;Bolding;49,10938109;13,95377805;-46,05175875;9,390277306;1797000;576,0672147;474,3086303;1268,844566;639,7072334
46;Bolding;47,63130695;35,51301549;32,888962;43,00140512;1700000;500,4112098;828,0093688;1233,632706;839,6769676
47;Bolding;16,78803945;49,34122592;-8,891563854;62,35095715;2402000;634,8134404;926,6166974;1249,938098;924,4494724
48;Bolding;49,28920866;9,14098081;-5,627829914;47,58952015;1500000;486,1221437;406,4080565;1521,219952;511,1352474
49;Bolding;30,73782607;6,620631096;-18,62889539;30,94751952;2500000;495,2994685;476,3500052;1193,528856;583,7879282
50;Bolding;26,49674916;37,41615623;-16,6170931;49,12461753;1402000;472,4575586;417,215819;889,5757228;690,853498
51;Bolding;55,07413763;20,96957042;-12,51458508;27,9778797;2797000;610,5993367;394,8333027;1379,149045;422,9343432
52;Bolding;17,7506273;21,84697149;3,905014938;20,88756841;9500000;730,4065614;806,3432587;2285,838261;876,0990778
53;Bolding;48,62150618;16,8293921;-15,80816581;18,11294967;2398000;506,9016714;454,3548681;1267,425895;536,3339056
81;Bolding;51,9286145;11,9487194;-27,46334685;10,28746041;1821000;587,9745132;409,9286716;1145,669592;552,3998683
82;Bolding;39,2640703;6,769164715;25,7334627;40,57174948;879000;453,6744712;407,5887073;1092,698585;622,4114495
83;Bolding;19,30225361;20,3488705;4,894945199;33,54747491;921000;570,5949732;455,5395373;962,8313991;460,7770092
84;Bolding;72,12180899;5,733093681;-8,406429946;24,48973794;1214000;765,6681259;392,3724413;942,7860796;415,2912187
85;Bolding;15,27093175;37,525065;-57,74614303;26,67819964;1570000;555,5311629;658,2017961;1550,279585;522,2245714
86;Bolding;69,85392675;2,929689431;69,02948198;41,45171559;1570000;540,3265245;369,6488643;1455,559467;574,4424363
87;Bolding;49,07515314;27,74204578;-32,17279823;26,16319112;1382000;557,522247;445,2149138;945,4635986;484,5032089
88;Bolding;66,51154926;3,330401319;-68,77716874;4,235281767;1058000;494,206574;437,2839479;1745,658316;697,6456616
89;Bolding;77,06876317;8,399169784;43,16344673;24,55937268;1868000;780,2536552;389,0714488;1413,29243;510,3303225
90;Bolding;28,39998998;6,434973861;57,81525283;27,38852584;1394000;539,5578612;408,4133946;1424,872436;430,3584916
91;Bolding;63,09032478;10,01558239;69,13275321;27,72951398;1785000;786,6463117;424,1272252;1498,612424;678,8371369
92;Bolding;20,18812143;37,20361204;3,57423966;48,1045977;1465000;533,6876946;491,8705736;1226,467684;538,0334843
93;Bolding;35,29156427;2,899020557;8,259738877;19,63429116;976000;454,2358299;525,0744956;1026,927312;447,6983324
94;Bolding;21,76753911;26,90989466;0,571727974;30,63543559;1883000;522,420766;671,7194558;929,8707354;471,6334784
95;Bolding;9,395821994;17,85155531;12,43887724;28,09317012;938000;666,4878425;353,876598;923,6640672;426,3967161
96;Bolding;33,98465315;31,91256207;-34,50562158;43,77369981;3008000;457,4105274;452,2238462;1158,588801;537,6540405
97;Bolding;80,61299001;24,10222565;-40,0398526;23,11041796;1653000;867,5852943;380,0201872;1019,525811;393,8619481
31;Boxing;44,86750156;19,42348155;-40,82345938;30,55113235;2500000;459,9642861;411,2344897;977,7694985;466,4996237
32;Boxing;31,50154304;61,91209865;-29,35653555;62,90503623;2801000;558,3373338;916,9104277;1177,921415;707,1147558
33;Boxing;45,61183322;12,51988412;35,82383575;20,47340183;1695000;381,6477087;423,0917332;1077,428016;649,0112162
34;Boxing;32,85020469;15,96240748;-12,03215755;34,88061277;4250000;564,2129784;441,9073131;1339,814546;697,7386773
35;Boxing;35,79025697;13,21844785;-26,45212846;19,29335283;1500000;460,2077211;463,5346941;919,1243262;578,1735321
36;Boxing;42,96341035;3,268807428;14,16742757;11,97662842;1800000;398,1649296;587,331496;1263,71273;650,0951341
37;Boxing;58,24394077;31,05318352;-27,37141325;46,1059086;2199000;761,7262089;731,5527073;1119,227921;618,5228137
38;Boxing;47,87292434;19,47023622;46,97481557;44,12104235;1899000;436,6940067;491,3680417;946,3126354;673,3841589
39;Boxing;37,30977271;13,69170083;33,60662752;17,6888589;2000000;575,5461306;512,3027941;1202,479083;656,9341881
40;Boxing;62,58775822;13,83157982;1,934751077;4,916415833;1903000;644,1903804;432,0141935;950,7047064;833,3454914
41;Boxing;39,8989024;19,45063137;8,561966378;16,59132446;1800000;390,4414905;371,5870598;969,574421;553,9685072
42;Boxing;39,16175438;24,25136889;5,874284456;36,04127388;2399000;424,1731442;470,3359312;1030,742766;486,2247033
43;Boxing;19,29883247;42,82697765;46,11896884;61,03939677;1300000;455,2689295;414,8489552;1050,910506;541,0870862
44;Boxing;18,17002204;33,34685483;-35,57868195;31,36032242;1801000;546,2544164;390,7304581;929,009288;396,5554771
45;Boxing;52,44458133;35,4210587;25,57521895;22,11917849;2098000;534,2395554;561,3706179;1019,697024;517,2027063
46;Boxing;33,85197326;23,88924428;7,1326502;20,3011783;2203000;501,3676845;348,1020819;875,7478853;584,5818422
47;Boxing;48,88965796;16,29089764;42,29349136;33,35924055;2398000;495,576946;487,8237523;1177,001877;491,4186674
48;Boxing;38,34739613;8,635296106;-7,339869164;34,43272244;2199000;459,6371145;511,5683487;813,3020497;413,4095081
49;Boxing;24,22667711;29,8053096;-37,85244106;49,40552294;2699000;460,896944;564,5579459;1103,767719;650,1369809
50;Boxing;37,2569496;24,25202965;-33,13976089;43,31877931;3500000;394,5513178;576,800816;1195,496745;639,1507064
51;Boxing;60,13499791;14,61721107;-35,67213811;56,03403811;2801000;636,5263145;408,9828297;1342,103035;626,4302273
52;Boxing;9,522449095;42,59655811;-28,07829685;35,51528138;1699000;657,4226869;531,2075198;1028,524557;514,543062
53;Boxing;34,43002974;11,76950144;-13,20815539;46,84721334;2773000;479,1648332;455,4259315;943,363797;551,2437795
81;Boxing;64,08522161;7,189828009;-13,17470887;31,63555217;1700000;573,4892317;485,6497359;867,5732297;390,8848333
82;Boxing;25,12605062;48,21609935;27,85974065;68,5626637;1324000;448,0215812;703,2248312;1121,406952;738,0462902
83;Boxing;25,98497598;33,10429549;-9,121420302;40,95351133;1410000;481,3830827;351,7519376;900,7033796;586,3068429
84;Boxing;53,03412286;14,45132114;60,49146288;33,48248993;1211000;413,5313703;382,9839776;1089,487533;510,1925384
85;Boxing;24,33194139;41,04357552;-23,41072492;41,39788192;1637000;488,4022661;557,1855389;964,0576003;407,6336671
86;Boxing;26,99660262;22,39532789;-27,35078239;49,4055495;1602000;427,5941909;489,8628268;1123,166382;774,0337175
87;Boxing;56,44209088;17,24320008;-8,028666296;37,76910035;1734000;501,9989526;446,250841;720,1280541;384,8772996
88;Boxing;25,14049652;22,18736866;-68,42296975;59,78119248;1914000;375,4215622;438,944734;1016,78427;593,2589363
89;Boxing;23,61566278;20,77754459;-18,79199511;24,14827591;1645000;385,8300346;372,7137657;883,8962452;454,377158
90;Boxing;25,49903405;26,66080749;-2,677544603;39,44390488;1645000;487,5168796;349,7912534;792,1055939;447,3922821
91;Boxing;66,14913784;16,20087731;-10,65171731;52,52047738;3043000;661,6308602;398,3655593;1232,891469;572,8109978
92;Boxing;28,68990373;34,34304594;-11,66735826;66,21377944;1106000;434,582754;463,3945574;874,1422618;807,1928201
93;Boxing;68,49277155;11,72652617;-68,01528775;36,94424859;1394000;727,5310428;459,401023;1445,926364;416,8686178
94;Boxing;22,62133209;7,792159896;-1,736364201;16,8384303;1813000;459,7272134;521,6960485;903,4941097;530,448008
95;Boxing;19,4550817;44,1812829;12,79227759;20,75520229;1559000;446,2506945;503,4981522;874,1789977;566,1168275
96;Boxing;37,205148;31,45434012;79,5934137;62,10131113;1410000;426,1527487;409,0915425;1847,744835;686,979703
97;Boxing;35,59830456;55,23571258;-24,48908655;52,06601571;2266000;417,2406127;885,6018879;1020,115964;607,06131
31;Colored;20,15020324;28,76918626;52,28288467;63,88361449;1500000;416,8857506;391,5620244;1350,559284;910,9956087
32;Colored;33,96484484;29,86536774;44,11656727;27,76295936;4098000;469,5671048;605,4169679;1522,415621;563,5685393
33;Colored;50,6309208;8,654405054;15,13693491;32,66970851;1571000;511,8336902;353,6073562;918,3939896;358,4909878
34;Colored;26,40831855;23,40828503;-9,413568494;34,10874745;4297000;681,5671331;624,5444783;1222,225203;679,4988076
35;Colored;19,37256909;13,18899003;5,52044112;35,42970854;797000;491,9061247;328,2138503;1232,474899;531,5399497
36;Colored;35,79425249;9,769722438;-6,27718518;26,42702609;3301000;569,3562433;399,7775325;1418,616545;776,4449239
37;Colored;52,79686014;7,923989084;-9,875661035;26,12700922;1898000;575,0258397;335,4650804;945,0038831;450,0511306
38;Colored;51,71019195;31,91981785;14,12806545;37,41163028;1699000;498,9613992;395,7863957;977,3775996;536,4916601
39;Colored;19,93803165;12,73078534;-8,893154124;25,49768556;2500000;460,9691196;301,4982591;771,767555;437,6194808
40;Colored;16,07822311;57,24534758;11,47345616;58,79077584;1000000;470,3983734;806,327167;982,0278054;806,3642419
41;Colored;25,98341204;19,23992944;-4,988935409;31,89795308;1399000;390,3535469;313,1201291;696,603982;426,0135471
42;Colored;17,67797742;5,603821123;21,71346695;6,237078559;1398000;400,872282;431,5525057;1004,531962;577,2907371
43;Colored;52,73429867;8,527994041;8,32359794;31,91688802;1203000;454,5681742;335,8989233;948,9297763;540,9597222
44;Colored;25,52701834;26,3768979;-14,19825663;54,15788297;1898000;488,690489;408,5352212;1045,205541;738,2017635
45;Colored;35,78435608;11,84166923;20,66357911;4,447839454;1699000;414,002821;314,0696647;880,3871251;647,9182961
46;Colored;58,85632823;30,24709666;-2,69368104;42,64578006;1301000;487,6622357;409,3804819;1103,731108;605,8723807
47;Colored;58,93233621;3,310151565;9,589085512;16,85651181;1597000;601,3209658;441,7865752;942,9387566;455,4250346
48;Colored;42,02525119;12,15920701;-22,24833742;33,57099863;1500000;463,5346138;346,8798695;887,1012854;435,3306079
49;Colored;50,48246628;40,72195132;-7,918591758;42,65923833;1898000;798,2252741;876,3652815;1101,341886;785,5747207
50;Colored;37,71350646;9,658705976;-5,313614079;24,52554993;2601000;441,4327055;411,0288955;1059,301538;444,2560331
51;Colored;30,67092867;16,78908626;45,76330696;31,62646215;1902000;406,4573082;344,7603776;1217,136389;457,7243488
52;Colored;21,28943571;7,952040831;12,93454771;7,868027185;1898000;498,6188915;336,8452095;870,6241998;579,2333239
53;Colored;19,98584821;33,87988702;44,8628177;49,16185796;1785000;452,2361001;462,146571;1067,304699;548,1122863
81;Colored;46,28486062;6,543419365;-38,93921361;18,03399734;1543000;447,0673955;385,6982449;1237,882314;392,9076802
82;Colored;12,37329105;14,5895163;3,130661121;21,48141304;1082000;524,4191284;307,1498703;993,8131838;422,9049629
83;Colored;48,55385657;31,67387024;-18,84396014;77,24981277;1347000;558,0744727;764,03958;870,6859655;909,4978692
84;Colored;17,7037535;11,16280775;10,68451046;26,17747014;1125000;484,2901658;361,5067316;1042,530002;407,6771419
85;Colored;25,42724643;30,74926908;-23,27338329;54,43885361;1278000;417,235401;537,8231939;874,7337053;471,5943691
86;Colored;35,13679502;7,688350967;-28,03463136;28,15766161;1957000;398,3417467;341,6730224;1019,204582;522,752493
87;Colored;23,97523213;17,34523061;6,107877297;31,47986228;1543000;395,0989915;325,0213;781,1743673;423,3222573
88;Colored;68,16224139;12,66151938;-41,44921007;9,8582824;1316000;745,4403218;324,7891243;1085,075731;548,6606356
89;Colored;44,95783776;5,348561206;-25,95737889;28,85106459;1727000;395,2690385;398,2987988;1145,054026;482,0976319
90;Colored;10,45930927;7,131317292;6,072288092;14,59914195;1808000;578,9163643;306,558287;770,9120644;447,8678713
91;Colored;62,8710692;9,875118135;-8,914902675;25,6301375;2457000;624,358803;336,8745542;1009,349727;531,6952762
92;Colored;74,67666852;8,610155144;-1,446927911;17,60565048;1305000;657,4170968;280,5876388;975,0148377;450,4553247
93;Colored;35,54755969;43,60479649;38,19627339;57,57072172;1070000;455,39068;552,2518677;1091,308286;581,3328715
94;Colored;31,20338115;18,4819696;19,99739537;13,16439329;1801000;369,3396075;377,0640582;1038,713821;451,8040095
95;Colored;23,59995278;48,84985582;-31,92671069;20,58079407;2809000;429,8895933;924,0391958;1243,731541;518,9657734
96;Colored;3,256448003;16,17226206;-42,79871724;16,18431781;859000;600,6539204;315,152714;1129,556989;465,6135553
97;Colored;66,9335705;30,93149438;-32,18376581;30,4166822;2035000;702,1364764;383,113733;1178,075715;525,7462151
31;Ephemeral;31,9820491;27,14850085;12,82443;34,79557687;1700000;433,7086486;334,8535584;850,8097186;449,5130652
32;Ephemeral;46,81876477;21,34852951;-10,01313668;31,59974902;12402000;1243,016468;946,0976334;2641,39518;1377,974258
33;Ephemeral;40,41671092;14,06464408;45,95406637;40,8002407;2344000;549,821684;390,7627417;1092,349981;619,6003314
34;Ephemeral;32,80608845;21,53505193;-13,15536965;23,27461811;7055000;1044,389022;740,1065025;1915,550173;664,3956222
35;Ephemeral;28,76316131;18,87783669;49,8913527;91,35328131;1000000;434,4327447;317,9877624;943,6541708;1196,41682
36;Ephemeral;79,7438564;5,294635697;25,67667086;22,35876786;2902000;784,7741664;362,4705779;1071,009025;658,5378109
37;Ephemeral;56,35817704;8,134409503;42,17361511;18,71911304;2399000;593,0032293;360,0839195;1053,160221;569,7999602
38;Ephemeral;29,7427658;26,57148833;77,11743286;46,35006454;1699000;473,7189341;418,1423013;1161,41496;524,9349204
39;Ephemeral;44,61375211;5,73702294;28,79467652;11,26880524;3000000;675,7250086;468,5761911;859,807154;639,1691275
40;Ephemeral;57,20260783;15,44783087;2,186749968;21,46025135;2000000;787,5387102;337,1219971;837,6453158;533,1665276
41;Ephemeral;51,08186039;8,760626102;51,67948279;20,20722516;2098000;570,6977426;392,419885;1219,290403;505,0148395
42;Ephemeral;36,31510905;11,19828301;62,294088;25,41580645;2199000;518,7901618;385,4560058;1199,785709;578,0974517
43;Ephemeral;19,94850462;19,58927052;-5,973083103;22,64789682;1598000;495,8788095;350,9275112;908,7164756;482,2079383
44;Ephemeral;17,36980725;25,29752743;-0,478413027;39,83967361;2102000;624,0785634;492,7544881;1029,142664;523,4047001
45;Ephemeral;32,80810358;25,84903922;-13,17014862;5,646366867;1902000;464,4869331;594,6928072;1496,88018;660,2439916
46;Ephemeral;28,80684908;36,41833984;-0,371532515;52,18589176;1801000;532,1644908;780,6301661;913,4250469;758,4842672
47;Ephemeral;23,17300529;21,2378522;-15,32413377;44,14131206;1902000;532,4890722;336,4846784;1360,288107;539,2760723
48;Ephemeral;25,87384709;17,54343131;13,74157079;30,5783206;2098000;477,0171254;583,6519422;1022,585964;501,2788268
49;Ephemeral;19,82155019;24,22836649;-8,448926766;28,22512477;2297000;582,6432136;463,9179408;1112,458478;775,4870267
50;Ephemeral;20,53093978;25,20189824;-9,459687143;34,28556794;2301000;549,0828366;404,9514742;961,7538227;619,4799094
51;Ephemeral;44,14217368;19,16895679;1,917274986;18,78010877;2500000;715,6752618;415,5254454;1402,301939;518,0303211
52;Ephemeral;8,724918252;46,22975258;1,223334542;40,68154234;1699000;765,2166693;665,7283899;858,0111797;558,9566527
53;Ephemeral;17,47332178;43,07498303;23,9952433;24,61510726;2211000;659,8571447;682,2916877;1043,650388;475,798056
81;Ephemeral;44,69263714;8,675889719;27,99793336;21,08861816;1715000;518,7185768;412,6499796;955,7923941;554,6883844
82;Ephemeral;44,48569284;18,10760244;-1,481937756;27,01023227;1664000;457,9094392;354,8946998;1014,192773;515,4279464
83;Ephemeral;24,62959537;27,33546573;48,7432523;44,96305033;1469000;551,5952977;372,3310471;972,0347463;852,1631879
84;Ephemeral;64,43420863;3,469449291;-1,079033114;16,03259703;1031000;628,0251189;496,2468778;914,4403794;482,3199935
85;Ephemeral;5,274673387;27,52875319;-20,07483909;14,03205862;1559000;796,3788156;354,7489107;1089,027815;581,8204899
86;Ephemeral;46,70838513;33,31499916;0,677460958;58,71888716;1383000;577,1404789;427,2953604;786,2152418;547,5639994
87;Ephemeral;53,62513226;21,60203065;-5,25845074;40,13323657;1617000;575,8516094;339,7559625;861,2197956;470,5627425
88;Ephemeral;44,16814383;22,83121532;-19,73053114;60,95159233;1418000;771,5045458;362,5082527;1020,850399;895,3376497
89;Ephemeral;91,69157636;27,66991876;-55,97128364;8,907525015;1683000;978,6338088;406,9830232;1242,054957;575,0780603
90;Ephemeral;28,9680868;6,154628177;-9,574974545;9,109903659;1687000;442,73455;456,5078097;1154,625731;632,8634251
91;Ephemeral;44,7019728;18,41237769;-27,73863821;50,14933867;2070000;569,0451927;370,399255;1392,156871;717,6209198
92;Ephemeral;37,71286704;8,128529992;31,09805212;25,20072875;1492000;410,3568057;402,3362942;1044,409761;439,2014801
93;Ephemeral;61,13171791;5,311643215;33,78805112;20,95150614;1031000;580,8431834;374,863538;972,8427658;516,6111505
94;Ephemeral;32,20417822;20,48392236;9,543090213;65,56690635;1617000;476,7169147;339,0607691;964,7801548;611,2835893
95;Ephemeral;20,11415343;19,09281125;19,11125536;37,60369695;2204000;506,2519841;331,0310275;1336,126237;593,4180337
96;Ephemeral;19,69650447;35,0064184;50,70234365;57,56141017;1234000;591,1842814;421,1999582;1077,842174;518,6633398
97;Ephemeral;66,22195108;21,13451934;42,88337735;24,74689537;2129000;618,7231865;478,1742936;954,2738747;455,4768347
31;Glowing;38,98324761;20,18599681;40,09698684;38,81277359;1601000;407,9814382;401,1381028;1017,931817;445,6800461
32;Glowing;43,73208969;16,52559069;55,7245765;42,86523806;2601000;491,0220169;469,2819409;1196,740916;664,0337146
33;Glowing;34,28021663;20,99065206;30,62359547;26,48079645;1437000;455,135084;377,0967896;927,8113106;497,7606711
34;Glowing;37,91135321;33,78830934;23,75409601;47,94281272;8012000;885,534313;1300,177734;1752,642506;1110,74055
35;Glowing;10,47078847;48,93750024;-4,260517959;32,97092795;902000;663,9913389;520,6800271;1094,274624;540,900793
36;Glowing;28,6660062;34,5025653;17,97691807;43,00067984;1598000;470,6181853;567,8989482;832,5353334;659,9723152
37;Glowing;50,58359111;14,10205034;-37,20933162;26,78550679;2300000;729,9858056;414,831282;1042,335594;527,4502348
38;Glowing;39,13474467;26,18278017;13,97058726;23,19301645;2199000;464,5337456;525,9203566;1162,123917;465,0208968
39;Glowing;12,23126683;18,12157203;31,10331903;26,17887752;1801000;588,5130358;410,5316573;1163,068106;574,2194824
40;Glowing;17,78824796;28,13914792;27,58283593;51,92518939;2301000;435,1360748;364,5570927;1091,505764;506,8108487
41;Glowing;21,68420182;10,14510455;16,28984565;31,99153882;2199000;474,8591212;471,6025816;936,8340278;448,0567978
42;Glowing;48,36554147;15,71911881;33,40399534;29,37597778;3102000;688,8678143;412,8791142;1268,15073;502,6074748
43;Glowing;33,04105752;21,24504168;20,70392675;33,86853002;1598000;442,2037771;430,3368037;881,3558213;671,160573
44;Glowing;65,11479179;13,82741332;-45,57557041;44,11026586;2000000;831,6790167;492,3479259;1146,869655;548,0560998
45;Glowing;62,94282698;17,46814036;-8,373771058;20,83306539;3500000;752,2200854;696,460197;1113,220998;540,3900234
46;Glowing;47,88163091;40,66649101;46,25547029;61,04723954;1899000;685,5245289;672,5355478;1118,832485;785,7034995
47;Glowing;27,77160877;33,94262422;6,755195064;33,92157909;11000000;952,1725728;1269,201442;1983,397426;1102,498015
48;Glowing;23,94020496;12,0257678;9,75793862;21,32676864;1801000;442,9758817;423,5465608;1337,255816;598,8125572
49;Glowing;44,51743177;29,79882605;2,344934718;56,90114105;3801000;586,8925637;795,0677641;1389,449149;714,2118773
50;Glowing;24,67915302;31,36897733;-40,25096584;43,06380212;2902000;532,4471517;780,7442423;1210,182424;634,3797027
51;Glowing;43,19775905;29,13077393;-22,23727935;29,89672157;2598000;589,2804193;600,9508229;1249,324929;475,418293
52;Glowing;8,675788831;29,37659308;20,92257715;20,1395113;2399000;678,8953999;755,0731898;995,744865;737,4141521
53;Glowing;16,80268147;33,27293866;18,14020604;77,53085446;1625000;456,2281245;366,9498823;933,5843509;677,5189384
81;Glowing;23,21139605;21,59631227;4,899181363;24,93845106;1691000;431,2834368;390,5197048;1075,240086;430,8683983
82;Glowing;13,2405327;34,64822557;59,93741571;37,16176802;1808000;523,8004444;541,4962272;1406,060989;516,3792307
83;Glowing;38,20504284;16,99440622;-57,50592852;38,00778675;1504000;502,0274993;419,1592422;1529,220047;483,2175971
84;Glowing;55,53125896;10,79579716;7,898620411;15,29587899;1336000;568,1650216;531,0096928;974,3957238;647,3471853
85;Glowing;17,76537266;25,19483924;-9,428264471;36,61229089;1363000;507,6992288;349,530207;939,0412425;466,94454
86;Glowing;27,65756846;14,02571194;37,43297941;22,72878571;1731000;433,824648;344,568353;883,0811243;576,6691222
87;Glowing;47,77614523;22,9239423;-12,74499019;23,02552728;1722000;501,3512521;398,9964854;1128,202623;561,0013827
88;Glowing;4,674404839;11,47098295;-56,74951835;36,50219737;1786000;759,6069771;472,2303772;1133,555952;575,6227531
89;Glowing;21,09665097;21,29231736;4,195777608;48,92851623;1348000;488,9441482;381,8857089;837,227618;668,233951
90;Glowing;22,52191343;8,68657249;-43,12776548;26,27486654;1648000;419,6048988;479,0894629;1270,410277;457,3953773
91;Glowing;42,22702961;16,76193201;18,32257498;63,36743617;2886000;628,357192;406,8763876;1080,285911;613,5297909
92;Glowing;32,8326874;17,30119808;-1,86053796;37,54669781;1442000;449,4315212;411,7819895;1361,310789;388,4364999
93;Glowing;66,62373684;12,07159877;-4,619193712;27,6319027;1500000;802,4247003;438,5070429;836,0165212;478,4555799
94;Glowing;48,94717103;6,413780772;55,7128337;21,36955121;2207000;545,2689237;414,8501208;1205,833203;558,9873237
95;Glowing;18,91164083;20,03951119;-41,08272693;20,64696891;1488000;445,5783282;406,8289585;1154,616437;583,046219
96;Glowing;16,00697494;45,27221092;-57,38707519;80,471607;1551000;471,5589885;605,0384309;1373,857135;784,4837934
97;Glowing;69,55387494;26,37277017;1,939771366;24,72592719;1906000;667,0027313;552,1932599;1120,249128;491,4648404
31;Greyscale;37,34155971;19,58905935;-29,58335142;13,81504475;1800000;486,8380911;361,7963893;1035,370657;596,7324212
32;Greyscale;28,22153722;37,94571013;-23,1576885;71,87084076;4301000;441,5074306;730,5936538;1623,018962;1059,206645
33;Greyscale;37,61748671;14,98218024;13,32692594;21,83028164;1149000;332,0722375;441,7196703;920,896836;557,7143335
34;Greyscale;32,60729548;21,10539639;-18,38060183;35,21617307;4234000;484,0129889;540,3567299;1187,525902;738,9484336
35;Greyscale;23,80267827;26,29021064;18,48090273;46,25783147;1101000;384,2699901;412,9417712;1186,910438;648,7786009
36;Greyscale;41,20698457;9,106146268;-0,049675019;16,49141796;2200000;356,068831;438,6064628;1021,821813;544,5013293
37;Greyscale;30,67328256;21,53734231;17,26236222;35,64833407;2699000;546,4123761;406,7497316;1226,581001;496,6146927
38;Greyscale;21,21143936;44,53248061;4,171815845;36,79279647;5101000;594,6026337;958,4046437;1710,290607;831,5936001
39;Greyscale;22,8227269;11,03129109;-25,56688826;13,8202641;2101000;387,1687333;431,9819556;961,5886271;577,4566456
40;Greyscale;34,54050699;10,93667094;4,227595642;28,50798825;1898000;350,7957;412,5606081;1059,355431;448,532538
41;Greyscale;17,16027187;19,17711258;-5,586544358;33,94057028;1800000;423,074355;359,8250756;867,4173717;539,5690042
42;Greyscale;64,66354431;5,203348105;-1,177241889;10,27291502;2199000;592,8756139;577,7530709;1102,12647;662,2961317
43;Greyscale;11,61962922;63,11546409;15,94132413;54,91167154;1500000;589,0280139;913,9233425;984,6941585;721,092778
44;Greyscale;29,61385651;23,43232286;9,499888151;29,64605251;1902000;389,4765569;393,7860928;959,2752599;466,7047946
45;Greyscale;25,5796618;38,50151725;-5,453551447;35,42583821;2000000;389,4460606;606,7540513;1177,167592;630,2799584
46;Greyscale;51,28083323;12,11358603;55,92348779;11,09174162;1601000;437,6390669;473,1196701;1192,821831;627,6582881
47;Greyscale;38,01214313;20,87984584;6,001605445;35,76630903;4500000;472,4044817;436,6074282;1335,045136;836,1936376
48;Greyscale;29,65524169;15,84425802;-7,155961597;47,6486548;2000000;382,710533;383,7868416;1164,830169;568,8828744
49;Greyscale;40,98347627;39,28548977;-12,05272335;39,7798145;2301000;490,27582;797,5729212;927,4055108;626,3384398
50;Greyscale;43,78354587;17,74553578;31,016839;18,76733536;2699000;443,5816447;423,7615505;1129,936915;516,9258881
51;Greyscale;55,2533344;27,79934977;-4,897810762;32,43424263;2801000;632,458318;478,6483226;1313,214249;481,2972026
52;Greyscale;12,19646012;11,65924721;30,72005732;9,279700848;2699000;588,3611917;410,7345939;1057,499677;661,6898338
53;Greyscale;36,13945947;15,02801181;-17,04256207;16,15264017;1989000;400,9634292;452,7234037;1132,91907;624,3688993
81;Greyscale;24,50326977;41,21661186;-28,87765598;35,57380591;1699000;428,0858402;591,5851104;1013,898535;484,4745602
82;Greyscale;27,48045694;28,74510592;-13,60642346;75,54643872;984000;452,1166292;395,4856337;842,3899038;819,9382808
83;Greyscale;29,90967025;38,26142447;38,37762794;82,84237717;1082000;456,7181312;640,1981401;1146,680462;868,5360563
84;Greyscale;31,08429772;10,43456752;-9,096027305;23,0222902;4051000;750,0868111;483,2617548;1380,800191;563,6243867
85;Greyscale;16,70501128;16,22885975;28,48132949;9,502548189;2328000;452,1440205;439,3167842;1017,966382;604,6110755
86;Greyscale;34,70708602;5,170339265;-20,79056561;9,665687726;1676000;401,8875725;605,6979652;1121,010145;716,7625607
87;Greyscale;28,56961578;36,52010835;22,72676405;38,7553312;1770000;342,9069177;392,1430858;899,2438525;455,0892737
88;Greyscale;16,04443662;33,1117937;3,220775129;40,78783826;5973000;551,7344049;904,3314808;1552,257038;1043,364845
89;Greyscale;62,96416443;12,75730285;5,442555055;10,57195313;2262000;725,1853387;433,579711;1023,458608;678,6618282
90;Greyscale;35,72258786;13,2015414;-35,60479204;23,43449356;1793000;444,0769225;394,576392;992,7032024;457,3487495
91;Greyscale;42,67912401;33,92268686;-13,4985761;40,4063575;4031000;433,7468192;886,1900707;1538,078191;818,2790379
92;Greyscale;55,20713559;20,65553904;-1,717128993;23,78963932;1469000;513,1426839;392,7384257;866,4554522;529,6171475
93;Greyscale;44,03881844;14,27450453;-12,7636271;30,34291914;1391000;341,3637554;423,151583;1124,09158;734,459526
94;Greyscale;35,7148052;45,91231662;20,64349754;67,33654676;1707000;704,0503771;639,5579239;1085,307056;636,4318438
95;Greyscale;24,24468925;41,22630669;-19,82529225;44,16250518;2867000;427,0575345;699,6367177;894,0717482;767,9930766
96;Greyscale;12,08798705;19,31967865;44,61159095;31,41320593;1133000;500,6713157;380,5029647;1132,557289;460,5272635
97;Greyscale;62,58678009;32,21011198;14,24935831;40,95373641;2473000;559,3222634;668,8553973;1053,222683;721,2483466
31;Highlight;56,88444946;38,66473481;-5,026572337;51,55098931;1703000;661,6454357;535,4328823;1318,657848;524,6548386
32;Highlight;52,78899652;27,57402384;18,88151713;51,05524463;5000000;694,8333061;656,8394901;1602,391821;1187,926798
33;Highlight;13,37933637;8,263268661;0,016845747;9,942779913;2453000;501,2603055;556,3046443;974,9682134;707,3742489
34;Highlight;38,63678828;24,44277211;21,82804489;36,72643782;8941000;1124,119175;995,2374182;2207,981975;1008,342238
35;Highlight;20,70112305;47,24953689;70,09421578;43,62319262;1000000;585,2575796;517,2213762;1597,058919;427,8448344
36;Highlight;16,25994939;14,95930417;-14,11621302;22,70415678;1300000;500,9871723;570,5280459;1057,877007;483,0804935
37;Highlight;20,42593196;46,97053798;-2,066069014;50,84873246;2000000;467,6902644;633,7871663;908,4379348;877,8481342
38;Highlight;44,8560464;13,6917945;-1,3541385;42,14293596;2000000;572,3148147;432,8453381;1225,422899;718,6442682
39;Highlight;25,72640712;17,0891699;42,03953997;17,53699756;1898000;708,4252936;566,8887454;1426,332612;558,7029241
40;Highlight;48,38155241;12,80863219;-7,5521787;22,71636505;1801000;542,3979162;547,7820396;862,5567912;583,951702
41;Highlight;32,41680088;23,93796526;5,74944379;21,28973368;2000000;419,1486348;587,4921887;923,7944982;534,2729017
42;Highlight;58,69446824;26,65907572;-48,53236969;35,4192796;3203000;1074,75632;707,0619888;1479,00082;573,0360522
43;Highlight;16,16338789;42,32617998;2,636930836;45,34833328;1699000;488,6145642;512,918403;1015,714427;502,0666606
44;Highlight;24,03946625;41,81940941;-39,57643358;31,0169123;1800000;426,7637158;613,2188115;1143,026566;504,9865815
45;Highlight;41,78468988;24,70724411;-34,25824325;31,15315072;2500000;466,3263613;635,5588359;1084,04807;541,4084655
46;Highlight;54,32862402;5,44172745;-7,036021741;31,85409454;1801000;646,4723044;625,0251046;1092,622387;501,8138978
47;Highlight;24,83767917;27,62548644;-3,836349088;41,45101392;2402000;532,6261102;520,9915544;932,8795686;515,6209019
48;Highlight;21,57134254;7,966381527;19,24200422;22,86790794;1899000;541,4463735;594,3595566;1091,58574;530,1841503
49;Highlight;60,17739898;3,517083589;17,56225515;34,90722984;2301000;654,3216157;698,9187205;884,7988791;493,4629528
50;Highlight;28,43425965;29,11072034;1,754325297;31,96498891;3098000;503,6099143;567,6141065;1019,603262;548,2588805
51;Highlight;42,94458523;31,70784979;37,91789726;48,73080225;3000000;534,6731802;583,2156152;1395,230635;697,6984583
52;Highlight;11,07762935;33,24601157;-20,29780249;21,47508636;3301000;649,7422664;655,7355814;1134,550858;529,3656078
53;Highlight;34,81405748;17,00085262;-29,38586068;17,01753913;3524000;510,523879;491,135889;977,8243781;542,3340658
81;Highlight;22,8858565;27,03889741;-18,21837064;42,99140301;6285000;616,9188311;926,0780449;1597,982472;1054,708227
82;Highlight;25,42792006;37,7915008;19,71962755;41,93141957;1520000;452,8009764;532,5744157;1205,361836;509,7573154
83;Highlight;49,77516664;19,78763987;-21,42499885;39,24715923;1582000;509,680443;528,038437;1087,292629;619,5647936
84;Highlight;34,49542837;6,729241159;-52,43745944;13,37973313;1296000;566,0510879;655,9817426;1275,493575;748,0855166
85;Highlight;15,90090459;45,98766536;8,265659705;32,48730565;3011000;629,0083336;912,120285;1245,007471;820,755373
86;Highlight;24,00279112;18,43518095;-13,33560536;35,1154027;1660000;490,2785636;474,1337097;851,4829834;607,5334954
87;Highlight;42,39417934;39,54816196;56,09101156;29,13787113;1598000;589,5973745;741,4243818;1464,180917;514,854668
88;Highlight;28,10100676;23,65192629;50,37915856;35,78895917;1820000;515,0065305;474,9496464;1226,939779;471,0067186
89;Highlight;44,13004236;18,77536743;-3,809406391;33,49815965;2195000;506,2535823;478,0579163;1193,078042;504,9118106
90;Highlight;21,36712612;27,3106877;-30,82542057;44,3814002;2133000;486,7785365;495,2465797;965,3862618;640,1094721
91;Highlight;38,43953351;18,50598206;-39,80196981;29,79442746;2859000;457,9542486;636,9272549;1082,489721;464,5381925
92;Highlight;26,84723057;11,22320699;-45,36858672;22,55087503;1321000;428,9309038;477,4628047;1423,797296;589,6734519
93;Highlight;44,65056072;7,598755823;-58,00631781;31,86065743;1590000;493,680454;680,6282606;1054,206877;452,4838802
94;Highlight;38,62310661;11,81142551;-17,61639427;15,60241219;1933000;692,6893195;462,6745454;957,8835065;519,0324804
95;Highlight;20,08402723;40,14267653;2,725049485;29,64567548;3832000;632,7240431;925,9450036;1409,957183;645,374643
96;Highlight;18,9164622;34,36262209;11,82188051;44,87875704;1180000;533,3589579;567,4954333;1184,5404;678,2084601
97;Highlight;52,08075942;40,08934234;-18,38827044;63,80816442;3465000;808,1365751;763,0486967;1287,653348;693,2009682
31;Italizing;50,76468397;10,28739852;22,6934227;18,22141412;2098000;650,9769433;650,2523657;1289,08297;751,6907805
32;Italizing;51,17756687;22,50481547;-6,04961331;53,93407289;7500000;863,5955073;553,5227122;1360,006671;1039,783141
33;Italizing;26,17949987;26,93015793;19,46105071;25,06352138;1329000;643,1126815;471,9975132;1458,702742;753,3393656
34;Italizing;45,4159822;28,3175639;9,082268995;31,96473717;9043000;1158,790056;661,2453281;1817,549109;717,7677743
35;Italizing;19,62075311;17,51066177;-4,101473473;10,0107167;2098000;790,2686507;610,1413174;1117,820287;908,2561906
36;Italizing;46,95742423;13,30273139;0,302538098;20,60272204;12402000;1180,226614;832,9502891;2114,999903;976,6734426
37;Italizing;35,63039998;33,27471315;2,947102392;32,97015361;3500000;655,534764;939,8167618;1323,918942;734,7463624
38;Italizing;38,07280193;31,89739967;-6,933119726;30,9878311;4703000;733,7708908;565,4349783;1399,71413;549,3114589
39;Italizing;19,34529194;20,19620548;4,862648668;27,45258209;7601000;737,0076405;529,6779518;1294,887436;705,6115351
40;Italizing;23,75430112;41,49036786;1,358798411;44,79793455;2602000;631,5963561;551,3834549;1521,701202;550,4530119
41;Italizing;26,20353533;23,80712115;-36,37415252;31,53940494;3601000;531,9252644;567,2938594;1882,078923;753,1934248
42;Italizing;35,77863374;18,41402088;-11,22809782;21,01422911;5399000;699,9386347;561,3744961;1284,112504;710,2118024
43;Italizing;40,67869979;24,22526926;-53,42590018;48,85492595;1800000;704,3120297;500,8146292;1586,270559;722,8372532
44;Italizing;32,21541266;31,92394746;-17,13127893;20,45499019;3602000;577,2353473;506,9779348;1148,52508;693,1797227
45;Italizing;24,85860729;20,4451107;21,0617393;12,35575286;6000000;591,8675707;620,0213404;1400,272108;769,1292266
46;Italizing;34,2235338;32,11760446;22,87124487;32,2894665;2301000;603,6551771;528,6357557;1265,535426;687,2701765
47;Italizing;22,41773931;23,31032834;11,10254331;32,64999376;2301000;683,9510951;637,5681073;1204,370722;848,2023946
48;Italizing;24,13576915;29,59638637;28,04434141;39,35599835;2898000;647,3071283;718,987438;1283,34122;836,2413402
49;Italizing;35,88516799;17,55835054;-19,11247117;46,02529384;3602000;596,3468785;545,119706;1471,703377;701,2278588
50;Italizing;24,1312945;23,26318613;16,90490274;30,50867767;4300000;542,4401717;470,8177843;1541,431488;578,8015038
51;Italizing;42,81876671;16,43497765;43,58235002;23,93611126;3500000;722,4315143;559,7164756;1343,92084;549,9189186
52;Italizing;9,905553624;21,98297939;2,635101961;22,24641468;5898000;864,5076247;492,9232828;1263,847286;618,6771895
53;Italizing;36,71015336;28,27085444;0,808904091;57,57257544;2051000;540,2544743;582,6906525;1126,049324;674,3635823
81;Italizing;35,98819299;16,86741042;30,4395827;25,22151776;5071000;572,1068733;605,0244851;1810,653983;642,1247899
82;Italizing;33,38089828;23,51128619;-13,1097973;20,9199203;5758000;600,7433222;685,2489704;1366,610799;766,4258396
83;Italizing;39,5696103;30,65224684;16,57628017;43,75567855;3157000;542,5119828;497,8754893;1382,075062;673,6182028
84;Italizing;43,02263345;6,404390358;-27,11169977;17,48472129;1477000;650,9922887;746,6626286;1444,211175;689,6049861
85;Italizing;25,35656572;28,21880389;10,32820408;29,44364365;3574000;535,0544628;676,1763645;1265,566108;593,67125
86;Italizing;32,71308345;25,03194582;-5,443282211;42,52903323;7113000;704,6005549;681,0815204;2008,161568;931,1756256
87;Italizing;32,85993656;37,44828405;-36,15535954;54,63240275;2355000;515,6790719;453,5353189;1290,869644;685,4078523
88;Italizing;44,90124188;28,32214473;-9,811568714;31,85080708;8027000;930,7008916;675,9728083;1693,611486;852,302268
89;Italizing;23,47104828;44,49947368;-35,88014277;58,76779009;3898000;556,5213251;708,7300853;1159,974575;804,3832302
90;Italizing;22,19099745;29,37878275;3,087365555;57,91520321;4609000;732,7090218;603,4644702;1194,360794;826,1709249
91;Italizing;53,74814471;20,25305378;-11,37149542;41,13716622;6468000;1137,933251;618,8691515;1395,188197;726,0689657
92;Italizing;31,82999092;13,90947746;-44,40728291;42,02631892;2297000;592,4106287;623,4923499;1419,450124;570,1124389
93;Italizing;73,09903397;11,91574711;10,85535956;18,51257385;4304000;1237,848759;782,5819457;1604,385081;768,6822761
94;Italizing;32,02545042;20,6548119;-20,06570324;29,68310258;3860000;562,4963899;537,0939802;1410,628527;591,0237151
95;Italizing;34,55035259;28,0436061;2,426192785;19,8422098;2422000;548,5165714;545,9384619;1332,468247;658,2690082
96;Italizing;41,47958955;25,44603064;11,23495385;36,71517306;6402000;796,0778642;629,3932677;1512,785715;792,7090734
97;Italizing;47,31303452;43,23972616;24,94905079;48,82800276;6750000;857,9589056;808,4509212;1300,926452;845,0986883
31;Leaf;32,70315468;45,46111701;-18,60340539;44,72950206;7199000;576,4978915;767,5581168;1579,525949;822,2873548
32;Leaf;50,80478468;28,98061887;-17,26381212;41,73110808;6500000;881,100736;658,2114661;1642,295037;729,3131944
33;Leaf;38,41375757;22,72608919;-3,290915929;34,60116145;7262000;715,6666189;655,59078;1655,310076;690,1768588
34;Leaf;46,64312172;18,03106158;13,69933996;55,81853753;4266000;764,4866251;688,777914;1559,249594;796,0190639
35;Leaf;62,55821403;14,59204856;-14,12142503;21,14213035;2301000;696,4231641;853,168971;1598,021376;810,553971
36;Leaf;49,60910697;9,219956245;32,49509572;25,27421595;4399000;661,833978;786,5583567;1339,577568;737,0910174
37;Leaf;30,15252387;49,88822573;16,04257602;62,12617544;5601000;986,6056533;822,8492703;1581,370232;905,5447576
38;Leaf;32,93406193;38,9192268;28,76012115;30,42083704;5200000;651,1909838;597,1320696;1514,550976;719,6887288
39;Leaf;16,86407879;24,86600908;28,58356169;22,62111401;4300000;909,6143939;591,155606;1448,063006;761,7273123
40;Leaf;25,66307717;34,46029599;10,85839931;25,41928476;7301000;780,5951282;808,144911;1391,466066;754,0791376
41;Leaf;58,15176402;23,99182511;-39,68514647;23,21801757;3500000;700,6845167;621,2589514;1482,155748;696,3864074
42;Leaf;32,8256003;25,54353536;18,07319668;36,49576671;6199000;636,7199802;705,8228828;1550,010412;810,8315692
43;Leaf;20,42155518;42,74545388;16,45003546;32,77001457;9000000;783,9169937;756,411761;1451,030467;835,6526298
44;Leaf;25,46097047;38,34977867;-22,30003622;29,60141428;5000000;635,1679319;714,5311624;1735,97751;654,2548301
45;Leaf;32,60875642;39,80256701;12,76981954;22,00505598;6898000;815,6526214;727,9552907;1484,740318;820,2259134
46;Leaf;36,65739928;43,9708981;1,050861322;48,86583953;4203000;747,3744768;916,5022271;1273,045547;1005,285907
47;Leaf;45,00723803;13,29770731;1,992643342;22,3653689;5801000;769,2157642;777,065679;1457,234154;676,8343103
48;Leaf;37,18835617;28,15775035;33,82793371;46,871305;5601000;606,2826895;625,3227322;1266,762783;900,4351462
49;Leaf;24,4375501;39,67359172;-24,68099665;52,68740613;4398000;827,9477193;674,5552554;1385,603926;1139,301977
50;Leaf;33,70982458;23,68581804;-0,627501626;26,34022736;4117000;730,020934;674,6473481;1491,070879;693,5295939
51;Leaf;42,60008865;34,23392255;17,85027235;34,15143244;6301000;725,7322061;670,2137532;1470,872793;762,110129
52;Leaf;21,14620126;33,05792693;43,50692471;23,37094643;3601000;878,6517362;609,3521781;1420,176875;868,9235141
53;Leaf;41,56336557;37,20198712;-19,37752314;38,1298009;14562000;972,9189255;961,2678016;2192,527826;937,8721121
81;Leaf;44,10212005;17,6603974;5,490174822;26,70486427;15004000;1182,405924;838,0257067;2163,051217;1079,53632
82;Leaf;46,42798575;51,77570669;-23,00212482;57,02923245;5297000;786,7223604;798,9959694;1442,377977;627,8179624
83;Leaf;38,18316733;39,66963116;-13,25829581;65,19533374;4621000;708,8062946;814,9011601;1421,843483;1154,755811
84;Leaf;38,5858198;15,99285022;20,71587587;33,11080334;4137000;675,9615209;895,6385052;1461,169018;1098,541003
85;Leaf;18,00212592;40,21654264;-4,47892145;31,77284639;9117000;903,0152225;782,5774004;1490,351061;1057,815713
86;Leaf;43,59167954;28,60654201;28,14110331;36,15480186;4804000;733,7102036;637,5627713;1357,662479;869,1962681
87;Leaf;44,95995993;30,53108199;16,79580573;28,11265544;11777000;810,9816531;922,5221434;1549,745269;850,4560539
88;Leaf;25,814331;29,24328779;6,001996915;35,65359065;10430000;670,3879884;691,8915756;1530,034075;1129,683868
89;Leaf;26,67119959;14,5635176;-12,69588933;12,64603037;6012000;723,2849252;735,6485471;1506,586006;1021,653026
90;Leaf;43,40212326;17,41161537;-24,20613365;39,45257374;4836000;952,9379447;741,7792878;1672,834416;804,6608679
91;Leaf;47,05168908;29,38161461;23,84253682;41,41096225;12012000;901,9935197;829,7909992;2162,22806;1044,279557
92;Leaf;38,94059511;44,34541396;-33,41906484;46,49261378;6621000;658,3640229;946,9068984;1678,547495;942,3844342
93;Leaf;42,4382394;16,55254909;12,88599716;14,60375223;9035000;928,6510448;715,0633282;1633,832267;875,1743487
94;Leaf;35,87974057;40,80630609;11,53869687;28,22357938;11937000;943,3160036;1018,500617;1889,1463;959,2156451
95;Leaf;44,29131281;32,48128162;-7,575531748;20,40025757;4769000;729,157838;633,0923922;1326,17005;765,3154158
96;Leaf;44,22459299;30,51372516;32,12154747;51,57599648;3531000;572,2516288;657,2223562;1407,459444;712,6887378
97;Leaf;53,69392821;39,56904372;-21,64083102;48,49898635;5540000;723,0803134;677,4678981;1523,281266;832,7571961
31;Morphing;23,63932504;39,79207733;-11,35194187;39,2807165;2199000;528,6057256;901,5317557;1168,141633;562,049257
32;Morphing;48,42731029;12,9587345;3,58721258;30,2002567;5402000;662,0540078;555,9495471;1379,231998;639,6696751
33;Morphing;41,34881057;15,36756902;-45,01788207;54,95800404;1856000;566,5498551;427,9427386;1567,156574;616,0264954
34;Morphing;27,05262441;15,05020392;-34,9639411;20,12064551;5942000;721,2012396;490,1100187;1413,283736;595,7358175
35;Morphing;39,84724259;13,32364749;5,085282652;19,45987335;1797000;426,7112009;450,2916661;1000,084837;590,6246785
36;Morphing;47,4144103;4,506452455;71,54195458;30,77976841;1602000;537,9197552;646,2337375;1591,722015;550,250384
37;Morphing;57,72282725;9,476649424;19,45376723;17,84148551;2300000;687,7096996;487,9352232;1339,175939;608,1074932
38;Morphing;35,86678927;51,66798553;13,18817183;45,38495114;5301000;665,4906355;1291,558146;1406,081979;932,32995
39;Morphing;40,86087533;16,42569632;28,46119941;22,11067462;5097000;913,7103879;630,1880009;1174,217017;651,3200976
40;Morphing;41,61246529;13,6519678;21,64168517;19,14207067;4200000;909,0824074;469,4124407;972,1322897;619,5903844
41;Morphing;27,17979075;28,36519418;38,3935479;76,4839356;1899000;740,152691;542,3267094;1255,184784;788,1226423
42;Morphing;66,00360664;15,62558052;-9,182807003;28,54989271;8598000;1188,226876;690,6893502;1763,405709;838,1591856
43;Morphing;32,4754707;26,17343851;14,79962253;13,0695073;3101000;613,8798261;649,8997397;1172,70034;688,5551416
44;Morphing;36,06543377;28,41103337;-28,20621629;34,21881891;3199000;478,5497249;491,691365;1157,438944;732,2323248
45;Morphing;44,85703653;19,78438091;14,54800516;26,21689407;4098000;540,5269248;645,5479203;1187,184058;575,4846291
46;Morphing;55,59639694;35,55548418;-7,257463729;39,23099927;2902000;675,4195601;548,7571725;1322,727225;482,0248951
47;Morphing;30,2241381;23,79123173;7,013269966;25,40581268;5399000;772,8565379;785,4110354;1306,013659;633,3620945
48;Morphing;19,59178099;15,98196602;5,997248827;57,72153606;2200000;640,5449599;436,4075163;934,6186563;522,4519979
49;Morphing;52,39147914;14,33137325;19,80922353;47,21878418;3000000;742,1241498;507,0390259;981,779753;654,5650854
50;Morphing;10,90129758;14,69067823;25,79199187;9,845009795;2203000;595,5450157;495,5992555;954,6987463;741,1388891
51;Morphing;42,10300765;24,75836291;2,302341311;28,21971753;2801000;520,2119007;555,7213258;981,6157387;569,401573
52;Morphing;4,096453572;34,86904355;15,96438117;45,01335801;1402000;943,6047331;655,0169467;831,5701435;708,6812322
53;Morphing;25,73771106;53,21076563;-22,56639743;78,08319337;2050000;458,3019256;979,4313433;928,3120258;996,5795157
81;Morphing;41,01197383;4,787440505;44,29381771;5,431617901;2184000;468,2085425;539,8252911;1288,467866;778,3522361
82;Morphing;47,58230279;20,8238958;-53,54896233;62,39944417;2028000;543,7202497;446,1746407;1225,929217;692,480577
83;Morphing;17,83028058;35,79729191;14,90395452;51,30116667;961000;544,1195495;415,3000909;967,8861693;497,6469491
84;Morphing;31,16230163;9,066128338;-24,83211422;32,06231914;1262000;493,1236966;595,8780001;906,3282374;582,6024725
85;Morphing;11,50390412;42,04153382;-23,95901895;13,36527276;1726000;771,6572784;907,4030827;973,6852338;560,5014279
86;Morphing;26,05687154;7,729680138;39,51624736;12,23220765;2218000;537,5580278;563,8186347;1064,225165;733,1407911
87;Morphing;40,81391312;28,45478897;7,047348788;46,18148394;2515000;502,3650183;472,9880782;839,4211209;581,8325464
88;Morphing;42,74433597;9,833969221;-51,37427179;23,89749999;2617000;461,0708719;506,118251;1096,922539;507,8875624
89;Morphing;42,98199722;34,17348618;-29,46545407;50,23905965;2098000;540,8560651;520,894941;1080,138968;647,8533206
90;Morphing;16,94276473;38,09998126;23,5256887;67,55048316;2094000;593,371436;647,4618439;1055,858646;655,551743
91;Morphing;60,7474764;15,36165025;19,03750739;45,33071099;2410000;927,9728565;489,9551479;1037,510322;570,3510371
92;Morphing;35,47506794;13,01879683;-10,40473655;51,43274107;1301000;537,163761;491,1063863;1088,618696;715,2454466
93;Morphing;31,16635344;12,21564769;89,79050147;24,55852216;1254000;530,8686244;463,9903177;1867,900214;610,0153695
94;Morphing;23,65692394;18,28926419;-42,79054252;24,36265021;2300000;526,3580141;450,4054553;1314,524768;541,3266577
95;Morphing;22,96440875;38,46008378;43,47248049;37,7578984;4582000;762,4037529;937,7220126;1304,180457;761,6121291
96;Morphing;27,83541402;16,85744435;11,23936087;32,21583024;2086000;493,3591972;463,4640288;914,2607758;539,876594
97;Morphing;39,10163483;42,45291599;-36,46134139;23,97720395;2469000;459,2737293;809,6522332;1399,761325;491,4564795
31;Out-context disappearing;35,83041068;40,1462539;-48,09682912;48,2739897;1899000;406,3841043;582,9269957;1488,215384;673,8416567
32;Out-context disappearing;38,6313274;20,15965903;-4,175041772;35,39330639;6000000;605,8199842;470,3319943;1717,76065;578,9856004
33;Out-context disappearing;41,40206095;14,61437265;-55,84172149;35,67192282;2765000;423,0774671;354,107123;1547,351141;544,4098382
34;Out-context disappearing;48,53036303;17,18689911;-27,00438137;30,97234367;6352000;925,3117175;484,9402237;1851,735599;743,2535684
35;Out-context disappearing;23,20327494;9,933705404;-14,40700713;13,02621341;1199000;436,1323194;359,4256903;877,1449894;556,380287
36;Out-context disappearing;40,01522945;5,32563076;20,03653272;5,68632109;2203000;518,9481648;393,6599248;959,2806772;521,8570948
37;Out-context disappearing;59,62326486;10,40961692;44,97618208;42,59313836;2402000;705,8936814;324,9646259;1085,484005;774,2340237
38;Out-context disappearing;36,70528429;9,650251619;42,75041585;22,97468827;2301000;452,991204;451,6773504;1245,501322;430,5341927
39;Out-context disappearing;20,71999957;21,58670566;10,74394535;20,10212852;2000000;535,7980671;318,918839;902,6857486;452,5461209
40;Out-context disappearing;34,36591256;19,88675012;2,043276161;27,73724876;2000000;448,966355;312,0363577;1022,423878;422,1260532
41;Out-context disappearing;31,62884784;22,93711509;44,46772341;30,19247457;2000000;453,5453996;345,2091255;1156,324978;506,516822
42;Out-context disappearing;31,79289665;30,66778518;-10,48614637;23,16263747;2098000;400,5259718;584,6461674;1077,856583;426,2141111
43;Out-context disappearing;36,22770958;30,5894927;-14,07361486;43,72660966;1801000;457,9545716;432,1341873;1032,614736;638,6713861
44;Out-context disappearing;2,172247904;32,49920087;14,87924634;17,42607363;1699000;890,9488659;367,7018303;907,7188522;458,2982978
45;Out-context disappearing;56,83654106;8,873720935;-20,65776037;12,37872292;2301000;657,7812818;484,7361628;1246,658621;564,8952154
46;Out-context disappearing;50,68182258;46,56364604;-10,73272372;85,36958776;2199000;507,89514;757,4423198;1157,961589;1255,187799
47;Out-context disappearing;35,24181149;24,86508753;29,08996617;22,2806413;4000000;526,9071102;488,4878618;1178,938282;484,2891805
48;Out-context disappearing;39,97382613;18,04690308;26,4748952;50,17312143;2000000;507,8459495;327,0403985;1248,704635;577,4938168
49;Out-context disappearing;36,0288113;13,65861367;19,00489294;36,87035713;2602000;458,8090232;384,4901148;1086,901875;584,482802
50;Out-context disappearing;17,80814611;36,56799329;-0,948808796;49,36608949;2101000;486,6907764;596,9866761;949,1284077;665,4601993
51;Out-context disappearing;46,47082209;26,68339398;-16,15754143;17,96802748;2898000;491,9107683;401,249927;1205,122401;477,9918525
52;Out-context disappearing;6,262150701;9,954246915;-45,4844351;13,23151848;1601000;582,2866592;401,0376134;1172,050518;462,3864972
53;Out-context disappearing;28,29050107;37,4922242;-11,26533451;49,7649339;1766000;492,6804162;634,5138894;1135,746149;569,8304019
81;Out-context disappearing;41,37512785;21,01555133;0,262890281;25,75152954;1801000;478,2181181;521,0648588;1080,210204;640,8388761
82;Out-context disappearing;25,21381183;38,59151518;-63,85868829;55,3910008;1223000;447,6266605;362,8028484;1488,728625;501,8544158
83;Out-context disappearing;55,01580131;8,4634221;-10,59524801;41,49377966;2332000;530,5401331;325,4479573;1163,871534;575,7829262
84;Out-context disappearing;28,12437391;12,09224981;-7,307180136;31,38606602;1152000;519,9706399;382,2995615;1128,830875;469,1983247
85;Out-context disappearing;9,330964439;17,80148989;-56,20540188;14,41685307;1492000;635,9576011;310,0867249;1384,651576;412,805053
86;Out-context disappearing;17,47889952;18,09172613;7,088303313;47,69211026;1898000;550,435685;344,7969696;1155,517824;614,8875865
87;Out-context disappearing;24,95389734;31,87321202;26,37101174;19,93844269;1676000;480,5211988;416,9520896;852,0025971;454,426328
88;Out-context disappearing;46,453109;6,821502026;25,11775459;11,11784245;1875000;467,4969729;461,621927;1241,098631;527,1896736
89;Out-context disappearing;36,26341121;13,50531649;-31,19731602;24,49083989;2012000;450,1853751;404,8861266;1254,45509;431,445304
90;Out-context disappearing;44,45052331;19,04127038;-12,90970755;29,35681575;2996000;650,409922;399,2196327;1096,042299;556,1274683
91;Out-context disappearing;49,48660588;11,70579669;6,48746309;30,65337344;3809000;587,2381727;372,2211151;1210,642267;537,0624166
92;Out-context disappearing;30,43428357;9,247136837;-8,088167911;28,11777249;2008000;456,9004208;351,153014;1017,168547;403,7674154
93;Out-context disappearing;65,50374721;15,87873473;6,814417978;18,45258883;2156000;1027,556441;455,8470256;1381,057702;410,8497292
94;Out-context disappearing;51,36125095;5,996138196;31,70897087;10,23855249;2367000;533,1623879;369,8178634;1305,42156;467,6665003
95;Out-context disappearing;26,4163383;23,66082971;14,30442833;17,58558172;2953000;405,2850154;449,5245767;1245,470897;458,5883777
96;Out-context disappearing;21,53841048;20,85801039;24,54343277;50,51646669;1691000;515,5884365;460,2333189;846,596618;590,8197325
97;Out-context disappearing;72,38958209;17,99383408;25,93593693;16,62078422;2480000;832,4983552;505,7273445;1287,356974;447,6728595
31;Pulsing;47,9801898;28,95335605;-37,6247689;24,03642;2000000;494,4138607;462,2267594;862,700827;532,6175714
32;Pulsing;47,57763105;24,5456155;41,19155177;34,82707114;4902000;607,3808442;695,6361462;1274,147497;637,8720702
33;Pulsing;54,68517764;9,869479183;-16,214245;27,04123159;3500000;719,0347348;581,1248926;1152,705714;582,8121412
34;Pulsing;38,95001236;22,6225632;5,922953729;41,60189251;6660000;844,1814333;791,9170128;1341,269601;1039,124686
35;Pulsing;39,14929527;14,68003;46,220791;44,06218457;2199000;537,2694296;514,1067163;1290,071895;550,3630383
36;Pulsing;40,85339675;21,19203679;-12,53531256;31,75478586;6699000;960,7786366;1020,783715;1063,65235;990,59941
37;Pulsing;36,25370821;32,76680107;5,080038826;24,13848009;3398000;763,8687808;737,4189486;1169,392859;607,3387101
38;Pulsing;15,11641765;64,89704214;-26,72889428;61,74015674;2000000;716,3383327;1021,850166;1024,479753;744,4726083
39;Pulsing;28,3358653;16,38243922;5,657333982;16,90188353;2000000;508,9065602;497,9550509;919,9125006;615,7485357
40;Pulsing;31,94605164;18,20143037;-19,96087329;14,323429;1402000;628,9003751;638,5401209;1071,484824;664,9884797
41;Pulsing;57,44079205;3,394821099;-22,16406078;4,896602785;1801000;681,587583;646,0183182;916,8865426;869,2166991
42;Pulsing;57,87689751;13,28924402;-9,894470744;21,69549665;4000000;794,6829954;528,7635747;1249,790572;625,8236736
43;Pulsing;12,36613478;33,83094751;-28,97069396;32,45107834;1199000;752,0085171;531,6117782;1116,699208;599,5741468
44;Pulsing;14,93159538;39,91839547;5,632018812;45,07341118;2598000;691,8277233;611,2573233;1067,682295;682,5602637
45;Pulsing;32,45939338;32,3145162;-19,19741243;15,77382747;4000000;904,1463989;887,3218642;1250,676341;668,9125713
46;Pulsing;69,04410143;18,50857426;29,51454204;28,05534236;2000000;772,0031804;510,5011831;991,4181099;530,3776309
47;Pulsing;43,28514554;42,24079899;20,84205075;53,39517729;3203000;731,1593238;1113,00589;976,3242772;962,2665785
48;Pulsing;27,60287978;27,77011034;4,784949216;40,36958467;3102000;601,1499227;647,4265449;1226,527587;651,1435976
49;Pulsing;37,45957432;23,24685287;-8,622937935;41,63379528;2601000;594,2463948;542,9918917;820,9239333;566,7355623
50;Pulsing;26,87115711;11,54184164;-41,32564595;25,92172525;2098000;592,0181289;515,0748051;939,3827561;544,649466
51;Pulsing;41,85818309;41,6920452;11,40867484;46,12271517;4000000;795,4225999;964,5261215;1167,352755;824,7288819
52;Pulsing;8,436181336;35,17982767;-5,262303267;41,4400524;2000000;796,5902877;776,8738412;1153,778937;611,8683364
53;Pulsing;26,57621366;49,79588862;15,01292863;54,06554393;3047000;566,5689572;779,3603779;1264,917694;727,2935623
81;Pulsing;65,92792957;7,90949198;35,13493645;11,20183434;2769000;760,9108198;591,8910994;1144,787177;690,8926191
82;Pulsing;39,03296431;20,76612656;-34,54738425;55,34038823;2165000;548,8595741;465,1255804;1057,198628;651,2742742
83;Pulsing;38,00819865;23,79127596;18,66595093;45,63314862;7313000;853,2165174;715,8065376;1357,031606;889,5760908
84;Pulsing;30,07612519;19,62358527;27,99700832;28,6522342;1813000;531,6660445;786,7972636;843,7539692;781,0777668
85;Pulsing;17,432624;29,80147848;-3,358315195;19,64751474;4957000;732,1585758;952,2176075;1407,605339;697,7564432
86;Pulsing;66,54411025;15,44901924;5,426520467;25,91132451;2101000;620,8587139;446,7994244;1051,517768;470,8071946
87;Pulsing;57,11601631;6,823852733;30,67839711;18,5800126;1496000;578,2576736;585,9176068;1257,264226;559,0970325
88;Pulsing;44,67493033;27,26395205;-21,18438288;25,74017658;2383000;499,0347766;503,0668102;985,3478125;550,0083889
89;Pulsing;32,59926276;19,84349443;7,595291185;25,2390163;1957000;504,5175531;462,0883645;897,9389759;557,0643748
90;Pulsing;36,10719554;6,417566023;-24,62627289;27,43867881;3465000;651,5505717;585,970159;1312,343425;573,9894984
91;Pulsing;42,41242854;21,89946544;25,76004144;65,19745263;2492000;559,2086358;560,8756896;982,2920713;872,6551977
92;Pulsing;36,48379841;31,23568999;-84,0459746;30,28746863;1559000;587,8089129;746,592629;1755,036934;572,5113653
93;Pulsing;47,92340093;5,347344418;-14,59372778;31,1281308;1543000;562,2345379;670,0880711;1026,045266;522,3199962
94;Pulsing;27,27250576;7,598672864;-67,50829849;8,718785283;1954000;554,3764776;526,8079378;1383,012054;842,5809666
95;Pulsing;25,51609222;15,54991005;9,623240047;16,82551924;2797000;486,5327105;557,8636423;1111,172124;544,6911713
96;Pulsing;30,62440414;14,35220269;3,011199489;52,61476149;1285000;623,7306081;474,0978514;906,1775818;507,0642078
97;Pulsing;61,06534992;27,5264924;36,37854689;22,59734832;1824000;834,6484187;458,9393487;897,1621985;577,0139531
31;Rotating;29,75240004;23,25725313;-37,9700682;24,68426444;1699000;479,2587817;407,3634289;1335,623763;568,2820806
32;Rotating;66,93300802;25,41315932;-30,62466881;47,38070301;3199000;697,8516584;518,2678527;1489,879472;631,2689866
33;Rotating;38,7288881;8,812529943;-37,08195961;28,76224341;2192000;518,6243548;585,5646561;1219,099122;567,2243917
34;Rotating;28,71230733;31,19239031;9,889767108;43,57538208;8222000;675,4104738;926,7958058;1971,014442;1032,183392
35;Rotating;42,1018658;14,6895558;5,674772193;30,11552904;1902000;625,471049;530,4809986;1323,728733;509,4733179
36;Rotating;56,005642;2,829914989;47,02006151;16,07736863;2402000;654,9620783;709,0157593;1489,885915;648,7908267
37;Rotating;36,46901253;17,2360527;-13,17048354;43,3112216;2399000;801,0676424;575,10625;1050,927229;802,7827745
38;Rotating;29,02309533;26,85753021;40,37758559;16,29728508;2297000;515,631397;517,5048049;1190,84537;667,2281792
39;Rotating;35,01952615;16,73114427;15,80985671;29,17945125;4000000;553,0800324;498,4527443;1197,341601;713,6101673
40;Rotating;19,98879849;49,9569299;27,19506745;68,11281034;2801000;536,6210568;772,5686625;1272,878346;801,9956894
41;Rotating;24,49940013;32,34966317;51,38668796;47,56365441;2200000;581,7026453;628,3537593;1852,04951;659,760802
42;Rotating;46,55711839;17,9001746;-7,186199246;24,00033482;16200000;1463,147536;1071,480952;2631,940531;1197,729157
43;Rotating;22,27924124;18,39283217;-45,82788416;12,53458553;1399000;566,7534486;490,1930491;1255,859459;779,0493567
44;Rotating;35,57549421;12,5846167;-50,22941484;32,87125844;2203000;626,1253059;542,8486259;1431,120718;545,9097017
45;Rotating;44,63643015;16,74656281;35,00208304;16,50171304;2898000;503,5077291;545,4415106;1573,59758;682,3541554
46;Rotating;59,53982572;25,777492;29,09678114;34,16567075;1899000;666,4740884;426,8329588;1150,661054;878,2502185
47;Rotating;41,6870595;14,36801502;38,5798337;15,02457168;2398000;540,301683;519,4682098;1327,705733;624,0051507
48;Rotating;36,60733425;5,406146681;26,93458156;20,97987666;2500000;437,4924508;631,7548425;1745,680298;666,6172621
49;Rotating;30,60835371;31,35036014;28,56574101;52,5539857;2699000;586,5696142;582,633069;1122,969787;708,8451819
50;Rotating;17,77545802;33,83463297;-14,80658761;55,04858379;3199000;550,3686684;676,257961;1143,084582;918,1544445
51;Rotating;55,30753015;17,67588536;31,7402402;28,13980371;3500000;534,2279345;467,5842733;1472,175902;574,0873764
52;Rotating;20,38289743;16,53866436;-1,396933978;31,81862728;3000000;624,723525;485,4583616;1519,421387;642,2615115
53;Rotating;29,26133415;50,79305613;-5,226710956;58,78522642;8305000;746,9926248;1393,308047;1928,140283;1025,754335
81;Rotating;46,37099836;11,10614377;-18,8166445;14,88272637;2684000;562,9571394;504,4335357;1315,736634;632,6084817
82;Rotating;51,99656764;37,03724308;25,5667696;56,16569619;4602000;698,3220702;726,8154389;1442,571266;868,3815186
83;Rotating;66,60715491;4,166651416;38,86013877;14,98908976;1739000;814,1659714;549,6874062;1471,167832;746,9185429
84;Rotating;28,248304;24,77087915;-99,54885044;34,93385132;1727000;506,1971014;440,0559036;3047,153551;623,6992341
85;Rotating;9,244548747;45,40810014;10,912673;29,7863984;2086000;702,6496623;896,0042401;1104,575614;647,9324553
86;Rotating;60,99019502;13,40425927;-0,450817628;31,04991511;2484000;637,1392353;514,600398;1465,296657;765,8544911
87;Rotating;52,99149767;39,49354934;-52,4603568;52,78074503;2883000;687,069074;652,7303327;1565,205333;663,1857931
88;Rotating;22,41474491;23,75184143;9,421637319;55,80717562;2992000;680,6711365;443,5474498;1222,475576;751,8325905
89;Rotating;27,55979737;12,47992605;-17,99580563;31,6962804;2472000;523,3213244;477,9063463;1236,265453;526,9321904
90;Rotating;58,75135968;4,991122548;-22,68305713;26,1460072;2816000;669,504282;559,1381198;1263,830195;761,7011924
91;Rotating;27,55965504;17,518529;20,28705714;19,44254236;3555000;518,7357286;475,1740568;1217,658355;593,8404195
92;Rotating;42,47831066;16,49367831;-0,106787921;17,59296127;2754000;511,0955869;589,1607224;1387,343079;601,7821096
93;Rotating;28,71349599;36,25455552;-23,57086589;47,20785021;1727000;451,3841703;659,4152692;1147,003075;727,0624601
94;Rotating;18,82264002;10,94973249;-13,77494107;13,37843686;1707000;565,9694561;488,2726965;1204,825871;716,1557324
95;Rotating;30,82412559;22,21297989;14,5553699;32,12836214;4011000;574,3075643;757,3106567;1214,212757;798,7746363
96;Rotating;34,18377653;33,62911198;4,567374647;37,5403154;5461000;548,9624367;863,5911927;1714,555989;873,9599766
97;Rotating;61,26967932;27,98279956;19,34447626;60,15420722;2714000;576,7371946;499,5867283;1086,503121;911,2922571
31;Split without replication;38,49697787;19,91051436;-8,892600389;40,52433564;2098000;422,0454891;402,9439908;969,4044946;615,2707966
32;Split without replication;47,58087661;24,47448087;8,13804343;44,85895035;6898000;911,1617538;809,2919102;2043,704545;1148,29178
33;Split without replication;30,28288751;18,82533108;-28,52929247;33,02331094;1949000;435,2978006;379,2236049;1072,209174;439,7487812
34;Split without replication;39,78025149;34,81413855;2,834589601;38,51397273;7887000;1027,736869;1125,782257;2070,038607;1044,757284
35;Split without replication;39,51384928;13,18121302;14,09300467;7,65025556;1102000;415,2882267;371,7998368;843,3260535;590,2883456
36;Split without replication;77,74949224;3,016802054;50,32902688;15,6218617;1699000;872,9981818;577,9997073;1140,77123;585,8070671
37;Split without replication;57,41329502;11,48067849;-6,421236692;45,74021864;2097000;583,2820004;395,4054207;857,2659728;737,9603446
38;Split without replication;35,96440274;28,05584699;8,747757234;22,22398581;2297000;433,1585589;447,2297767;854,5948896;443,0305061
39;Split without replication;16,83110543;37,13734455;16,27290588;41,04534599;2301000;560,9416653;547,0320147;670,7671278;516,1199709
40;Split without replication;81,68697553;13,79338981;22,83384483;30,78353723;1199000;955,3344146;407,4743817;755,4765759;464,5549531
41;Split without replication;64,91832154;4,781269173;-24,06818314;17,56005647;1597000;583,0952102;532,3635077;1023,758181;466,6099415
42;Split without replication;49,08046718;23,52755309;6,181431808;30,49532161;1699000;504,7548711;719,3751956;777,0816758;816,2614503
43;Split without replication;18,70470691;34,09212721;7,926167078;32,72153455;1500000;535,9492237;441,8617633;876,822754;491,2871122
44;Split without replication;23,30751547;12,29560147;-23,61802105;18,55780041;1598000;439,0766016;395,6130898;782,9196706;442,8081044
45;Split without replication;39,66831348;38,35562018;10,06562085;8,136192601;4399000;835,8732857;1009,847769;1390,30218;647,8729899
46;Split without replication;54,81409454;23,59964608;-10,06078118;26,71596981;1700000;531,4947561;517,6472829;875,5868312;504,6714629
47;Split without replication;49,08823159;15,9110918;17,32940195;33,34755482;1902000;536,4876849;393,7860465;979,9470584;568,6121919
48;Split without replication;45,26154671;11,26312358;6,871336828;54,08336637;1601000;569,6095089;416,8887547;666,7276909;594,2329995
49;Split without replication;20,80441981;32,07666796;16,55651314;39,52542498;2000000;453,3534027;390,5754398;818,6836844;522,2216705
50;Split without replication;29,09866369;36,012622;39,41379152;17,34033709;3101000;592,013047;676,1677324;984,4030707;505,3637574
51;Split without replication;34,89967726;34,60558494;7,329778892;41,44027655;5000000;589,350875;865,0655308;1347,920487;857,6259033
52;Split without replication;11,07437176;17,5464663;10,60282008;42,0768164;1902000;645,2731781;363,8625728;788,8648463;587,0256622
53;Split without replication;28,37153342;19,15797652;-24,31591831;30,14230952;2301000;462,8337888;363,1083602;879,0528765;486,7077269
81;Split without replication;32,91347348;9,380629598;13,0992666;14,5266395;1894000;410,8995303;449,1683044;861,8476119;562,6416421
82;Split without replication;13,67707012;33,96308959;2,129292275;27,22119563;1726000;566,3184277;409,2746343;1049,664824;492,4097125
83;Split without replication;16,55158095;15,66577106;-21,12284775;56,7584307;1766000;506,7046604;353,3598051;1109,212493;749,1751299
84;Split without replication;27,27257609;18,48704403;22,23954146;30,96805377;1524000;605,1026199;425,1189268;788,2846192;417,1404468
85;Split without replication;3,699596709;62,17527613;9,053931728;47,40800479;1531000;817,1418557;659,588124;839,6125916;774,8391519
86;Split without replication;25,78478654;13,67209583;47,98471593;32,54747608;2805000;496,1440474;504,6873188;1132,545337;598,361433
87;Split without replication;36,08323648;16,10788782;-12,23769999;17,29527633;1410000;425,6395553;392,9869388;921,1070476;493,1155162
88;Split without replication;22,78126099;25,5867038;-24,87064653;29,79304619;1617000;439,7142194;393,1331067;850,790403;409,3697562
89;Split without replication;42,91809902;17,60478715;-32,78694826;33,74107027;1750000;429,2404335;342,0311523;972,1283805;536,8598455
90;Split without replication;32,65977309;3,857012137;-9,621424735;35,62556811;1430000;445,5529089;567,4319984;885,7743288;513,5467189
91;Split without replication;38,51027457;12,7710441;10,30970665;32,37291186;2754000;660,7019684;414,4118984;1018,774002;486,3808672
92;Split without replication;50,01254967;17,66324455;-9,65385748;17,61742846;1352000;513,7411983;414,3136103;910,7672543;489,3331532
93;Split without replication;58,48936052;6,565858561;-28,12193812;10,00278432;1406000;497,4290347;461,9846834;733,4792171;522,000436
94;Split without replication;14,59183987;49,39094489;13,84718336;28,57179071;1664000;504,5932778;657,6397926;838,1803908;559,0565334
95;Split without replication;17,38500074;21,48018976;-24,50099275;18,68832789;1820000;470,4493611;382,4477504;982,0924845;488,5553432
96;Split without replication;20,17650814;28,27424504;-43,30278432;55,88847059;1540000;509,0852987;801,0045752;996,341834;861,4551004
97;Split without replication;72,29954729;21,67538829;-1,844692269;25,76405969;2109000;745,7068775;398,5729883;923,436415;441,6748227
31;Static;24,49190175;38,65654239;10,10637266;23,451591;2398000;481,4911581;717,9363896;1212,111422;482,5203986
32;Static;36,26288662;9,138863717;63,7052744;23,91026377;1902000;448,9524934;455,1732891;1492,543644;432,9396498
33;Static;33,06422778;18,35911957;-29,58774809;30,98246735;1371000;409,6172463;400,5247378;1118,403073;712,8285786
34;Static;31,11385363;22,23676599;-8,330674062;31,53046898;6445000;752,8605085;616,1872462;1712,975489;802,6991839
35;Static;21,16331112;25,49996412;33,21065953;25,32447313;1000000;638,261642;453,2547041;1457,214258;404,8360655
36;Static;53,73485476;5,530758694;92,30461557;12,60837237;1000000;595,08623;493,0699257;2330,159297;522,0192657
37;Static;52,63640235;18,62230005;20,21872627;30,73701161;5098000;837,7964099;539,9793933;1458,169045;773,6296985
38;Static;23,18285762;28,15344048;-19,3764247;40,03031646;2902000;522,2608672;513,7236635;1167,750932;583,2180438
39;Static;54,43965657;7,532160585;0,740450246;9,721790736;2297000;620,0023057;487,7133474;1486,606532;499,5529988
40;Static;41,07100951;19,29104051;-40,94486403;14,71009593;1500000;505,5796035;369,4398111;1322,449244;496,7126018
41;Static;37,5793112;7,039402223;-53,71293815;9,079415643;1598000;471,6871382;446,1578898;1472,73338;574,2222322
42;Static;32,4101717;29,31818066;12,05407089;39,14519581;2398000;578,225836;832,8906352;1014,685195;772,2072966
43;Static;9,887612696;53,20396738;42,83448187;46,6104544;1398000;580,8286223;845,3160047;1436,812858;776,7622684
44;Static;44,4059857;14,10298717;45,7731103;19,39216995;3398000;572,5347281;462,5136118;1370,729283;417,7062549
45;Static;55,73145395;20,78852624;4,204172452;16,92110097;2598000;534,638461;550,3222199;958,7214838;496,2748528
46;Static;76,37752361;12,69760217;-8,31593564;22,62773005;2500000;757,2012466;488,9721659;1186,922054;430,0340361
47;Static;33,75232787;10,07351716;-5,628334708;20,32738983;1700000;445,2287839;454,557137;951,6321636;479,3456486
48;Static;45,14988966;11,82676774;8,139743524;25,07674474;1597000;470,3807002;397,781497;1044,312975;448,7559732
49;Static;49,57349841;30,91306195;17,04206628;27,50608248;3000000;763,2667497;694,8682789;1339,357269;562,4203169
50;Static;34,31214266;28,5990067;-8,41102172;38,65352637;4597000;567,3959122;742,9035307;1622,583592;737,864813
51;Static;38,11926145;27,67807898;-40,1389781;42,57082969;3200000;579,9533471;564,6776937;1444,031899;858,0864744
52;Static;9,885138122;19,20423617;-10,34134529;33,21364624;2602000;706,142861;376,4284497;1591,403631;682,2689753
53;Static;53,10583145;11,20385516;-21,43981224;42,92745291;3742000;750,6453984;416,4389988;1446,799765;777,6803846
81;Static;75,80608168;4,018677568;-29,48858643;9,289358136;2692000;802,5455517;482,2478345;1458,554584;537,9812051
82;Static;25,56811174;27,46321117;-18,53696653;37,50378056;3059000;500,4540224;685,2768476;1347,985013;583,3316481
83;Static;46,21177044;18,1830164;5,177323413;40,96650605;1351000;621,5763372;395,0085805;1299,008613;511,9967527
84;Static;28,02719808;15,68754929;-13,41235638;51,1002287;1640000;541,3106361;515,6141315;1058,401986;752,3506882
85;Static;18,62136939;26,17477583;-47,62413446;17,99718071;1687000;621,6257346;435,7964912;1407,572663;456,382934
86;Static;47,16732151;7,866583987;-11,41772458;23,15479684;3625000;509,6143894;458,337738;1366,204707;433,2315971
87;Static;34,83060566;41,35531113;49,84150426;43,33590303;2254000;537,2463643;639,8747696;1020,638043;544,9096622
88;Static;27,40776039;28,33269883;-31,92010078;19,61929585;3039000;458,8238108;661,993783;1238,466133;496,4318589
89;Static;27,29649029;6,181912239;-13,87143471;20,15513167;1707000;436,534554;443,5725257;1124,116912;461,6567125
90;Static;32,78299674;4,522509538;3,000816742;11,72760963;2312000;488,1849494;489,6691822;1464,630534;505,726951
91;Static;41,89424203;7,562737537;40,95413778;19,57139638;2000000;421,4172783;452,8310922;1371,275871;475,3362546
92;Static;48,17877949;28,87306367;-45,16783792;57,15025522;3605000;644,1597861;793,290435;1362,492757;876,2122966
93;Static;21,0489118;24,13879612;13,64134444;43,41930914;1453000;502,6478644;405,1660493;1052,053117;466,7858897
94;Static;44,37440083;11,87814177;20,85443779;28,06901972;2340000;517,6333199;419,0928925;1264,235441;476,6567282
95;Static;31,69781031;4,495846261;7,457588405;10,0392629;2398000;420,1691241;513,0879451;1279,701469;518,0448474
96;Static;29,88978502;9,950123207;-0,200438203;17,94381178;1532000;476,0513531;359,0607554;997,5652937;499,8988051
97;Static;33,3571445;48,62301584;-7,037973119;45,47196545;1582000;373,7999571;608,1135216;1123,787251;756,7071725
31;Temporal;59,32201831;25,78308113;-61,2783732;38,11171351;1500000;669,8201712;429,200228;959,1810685;452,1184283
32;Temporal;48,64209457;17,39211339;42,36143025;31,56990883;3098000;553,5221481;426,7796383;1351,08928;439,0464851
33;Temporal;61,20371882;8,534595479;-40,88699778;18,11556305;2379000;605,8926357;474,8402813;1066,625436;442,8984399
34;Temporal;36,91239267;13,31965808;2,227479692;47,25767751;5222000;673,2084126;497,4039731;1529,935043;843,5326985
35;Temporal;36,53504876;25,32051582;3,057077929;49,1807393;1598000;446,1250813;473,2908387;867,6500897;427,6374025
36;Temporal;51,50799933;4,68724158;36,80584422;17,38026493;1403000;472,5459201;549,7618987;1103,529442;563,9485342
37;Temporal;26,55762332;21,26126522;-51,70284823;28,83781138;1801000;447,6790941;393,1566378;1076,585625;443,2290835
38;Temporal;32,94194672;41,96270183;-11,73877822;43,00118396;3200000;583,9186466;863,5092978;1344,69236;514,6594843
39;Temporal;58,04417839;17,35918945;11,57636757;38,75327056;1699000;530,2845048;477,5642991;891,9944976;634,2433761
40;Temporal;66,49081847;8,10788777;-23,8759542;12,81511429;2000000;545,8931993;403,8317573;1017,888641;452,9850594
41;Temporal;34,98462739;18,90062553;-15,97084334;47,54237432;2699000;583,5600127;421,8633801;1511,663931;653,2007917
42;Temporal;31,54824859;17,01178453;-0,023940462;20,47766575;3098000;516,2098451;515,0861744;1413,889122;656,9686986
43;Temporal;31,9372371;11,77173967;47,1536053;19,23455896;1398000;525,7047363;413,1950199;1412,089891;431,7001452
44;Temporal;46,46184113;23,64481192;-19,3139954;23,65796617;2102000;647,2930233;644,709987;1118,772866;416,0413746
45;Temporal;54,95353615;9,423106851;-41,21571918;24,7160321;2898000;714,3246738;498,6992346;1335,775018;546,9617011
46;Temporal;31,94751303;40,49214927;-25,56954555;31,64877183;2402000;480,0121656;628,7976014;1151,137649;441,9048027
47;Temporal;38,95443048;20,14273792;6,552284573;29,14227708;3097000;434,3347372;407,8738487;919,6996183;535,0505507
48;Temporal;37,33640676;16,03118775;37,07624616;22,57729477;1899000;455,9367854;434,183052;1243,734556;483,6844582
49;Temporal;78,03418046;18,4838138;-6,389087215;20,14407342;2297000;722,2980202;413,2251641;1128,126245;442,8825705
50;Temporal;11,51712664;46,47241693;8,699780143;47,54094793;2700000;707,7130845;840,9109359;1021,363375;663,8402362
51;Temporal;50,09869049;16,81031897;-0,878983667;18,97829899;2500000;499,7891908;412,1934257;877,5155569;471,335878
52;Temporal;35,22280128;10,69455895;19,30406298;9,388718843;1800000;466,6847591;443,2930311;1025,401593;524,0147529
53;Temporal;34,23075227;51,08574491;-23,93963715;36,78639663;2715000;602,6097478;818,3690714;1075,32353;546,5393767
81;Temporal;24,13465688;25,86485072;-22,85809284;32,91391838;2430000;633,1617804;484,2695974;1527,289292;520,7392006
82;Temporal;34,2833705;16,02550172;-49,89125385;24,61411184;1915000;405,3864875;461,1897921;1273,894115;550,6278872
83;Temporal;8,089112022;52,9924062;-21,35487462;48,59908603;1656000;852,9304461;955,3487122;1498,829552;519,1660372
84;Temporal;37,97435393;11,60767606;30,82960882;35,86731411;1644000;480,4436698;413,0835116;1400,922865;589,4085798
85;Temporal;7,800178094;25,74403188;-8,461763233;26,98269824;1637000;767,7542594;427,331722;893,9386908;413,5592352
86;Temporal;43,83931704;10,21049453;59,92659376;21,43514274;1871000;490,0508872;403,8132177;1361,640573;421,228965
87;Temporal;43,92540593;34,57439706;23,6435331;41,63000699;1484000;607,9146824;550,48656;1017,546514;659,1201203
88;Temporal;43,88279395;3,841444363;4,915691115;21,31598373;2277000;552,8147172;484,2818461;1030,288087;512,0841102
89;Temporal;39,34821675;9,690033694;12,25597514;13,49086028;1680000;686,9877432;458,1477888;1029,015285;449,3229989
90;Temporal;6,662889981;30,2677803;-20,9989385;77,67693225;1984000;746,2712229;652,5461553;1220,119141;860,6398383
91;Temporal;26,75254565;31,79500799;-10,84152512;41,9724343;3855000;463,7122968;672,3590063;1338,813543;667,9344062
92;Temporal;37,09574582;28,76423445;14,15190003;30,65796663;1524000;489,8126947;734,6538288;866,38377;582,652254
93;Temporal;65,42012621;5,983299717;19,58863011;14,5491461;1496000;572,9593262;481,8218861;1282,77464;577,0153573
94;Temporal;25,14304566;23,83396577;34,49953754;28,2913721;2063000;537,962825;435,648699;921,8665281;374,7989082
95;Temporal;38,02205928;9,021104051;-15,21124716;28,00915095;2000000;411,4792628;393,2344638;1486,556788;667,2636981
96;Temporal;29,32407957;17,2048559;9,524773825;52,06260746;2000000;413,604262;422,7778476;964,7445805;696,0678224
97;Temporal;53,97241642;21,74794247;-5,280912988;20,72235779;2700000;565,8133729;549,661371;988,4142208;482,9640898
31;Twisting;48,60915075;37,45777667;-29,71530532;29,84481016;2602000;740,9803874;584,9773818;1174,937878;469,0554609
32;Twisting;49,56203249;16,18794894;26,23509282;34,69038267;4301000;775,8302959;553,0134854;1269,663818;606,7989385
33;Twisting;53,59810449;7,849929541;-0,748719289;31,29462475;2375000;533,3204095;642,4505226;1267,256035;464,2609525
34;Twisting;32,70569187;24,68762197;-2,839793577;29,54478759;7313000;776,9185126;762,4431252;1290,639971;888,5537338
35;Twisting;23,08494975;15,63236008;7,864621544;18,68401798;1402000;634,6943338;481,7483344;1274,662346;621,2607889
36;Twisting;45,12609313;2,452545825;18,93733187;9,774281288;2000000;579,8374775;755,6587534;1227,830179;677,3852601
37;Twisting;33,14866374;23,73144618;-9,500619461;34,82828009;2797000;757,9786524;567,8482984;1016,67833;571,8047625
38;Twisting;32,07933571;50,36878038;23,7125461;40,56230616;3398000;512,4808941;823,4923452;1004,187785;512,6038491
39;Twisting;45,3115569;28,72726139;16,46842266;22,62714791;5301000;833,0423037;786,6362033;1163,675253;570,9130538
40;Twisting;37,30286042;16,76937122;13,86594309;26,05212165;1703000;560,2164575;478,0114498;1143,697405;544,8996261
41;Twisting;16,15968784;25,05085908;-2,28175763;33,39512511;2402000;699,8226778;486,0058494;984,6427045;655,625171
42;Twisting;58,35359876;7,223900165;-5,243823613;12,40466713;8301000;1006,326358;551,1290478;1466,499406;624,0235604
43;Twisting;18,48257099;53,5393991;-21,89319002;50,99043782;2098000;712,8108859;864,9813086;1195,0712;545,0204002
44;Twisting;29,53120278;35,80106073;23,60250159;47,16145923;3199000;598,0987917;708,6576286;1165,802153;725,1111989
45;Twisting;47,1608014;34,10179542;-21,59307057;34,02505382;6203000;900,9625547;801,2854748;1320,487098;867,4757094
46;Twisting;42,4649073;45,12619336;10,01445291;62,87466887;4398000;588,6182381;858,9909295;1015,136506;757,4521706
47;Twisting;33,32205738;44,45647672;48,76988908;53,26069646;5000000;624,5600561;944,7247713;1592,676079;889,6267032
48;Twisting;42,19446634;8,805952521;-26,13974498;30,01667809;3300000;694,7811484;540,1178578;1288,292496;485,0093572
49;Twisting;39,37767125;37,20478901;10,78028212;41,10738369;4801000;633,527101;1181,533885;1209,358071;678,4450316
50;Twisting;35,20696188;10,15184618;4,936200492;24,75767184;3903000;611,1103983;483,0702776;1577,413203;482,0948322
51;Twisting;49,873431;30,92314649;-15,99589259;31,14557608;3800000;645,5012076;788,0283177;1363,151757;510,9033152
52;Twisting;5,0775189;21,14558969;-7,859501239;16,70529024;3301000;979,7903307;471,0607563;1079,392278;618,5078078
53;Twisting;20,12819743;29,64317985;17,99741602;41,51063756;4851000;610,6501318;758,4169063;1360,203961;622,6735742
81;Twisting;40,82254882;12,4457218;-13,86177064;13,04977783;2765000;529,3052338;555,6208837;1375,066279;624,938658
82;Twisting;26,07446003;19,48102019;21,56496952;29,2660492;2125000;476,8035499;499,1986058;1362,935033;519,0201864
83;Twisting;36,10282384;8,643056743;6,309600516;55,29465966;2382000;501,9637947;570,1533167;1405,669803;564,9436102
84;Twisting;30,14912983;9,800522785;-6,415570375;19,92512438;2484000;609,5226904;556,8020672;901,7691692;566,6252332
85;Twisting;22,77504037;22,46816426;42,12253167;20,60702467;2277000;627,7978968;486,2682376;1327,038651;500,2007954
86;Twisting;44,32923961;8,36048933;43,04192048;34,13005897;3449000;561,7240937;543,3208931;1338,800975;470,9665933
87;Twisting;45,29934552;23,30108848;21,220747;30,05549169;2500000;460,6173485;422,724345;1075,624575;474,5590294
88;Twisting;23,42630458;11,38417323;3,039016801;21,07368763;5125000;565,8277653;508,2262186;1136,565192;615,3916225
89;Twisting;51,06763145;22,45354704;9,69020556;44,43076753;2313000;488,9303065;423,758871;1020,927877;500,1183042
90;Twisting;46,60593063;17,46998392;2,963757141;44,44681575;2347000;537,3379266;476,2811976;963,3381896;468,7181502
91;Twisting;48,62720269;25,03193637;43,01623132;39,71402599;5012000;729,1741008;672,2971424;1481,981631;574,2787584
92;Twisting;24,77519176;18,43007489;5,93392138;43,53848068;2434000;508,2944431;444,6693678;1093,556161;508,4233448
93;Twisting;44,87990135;26,52320717;-6,026359002;53,96499708;1976000;487,0788688;777,5153783;947,9958425;947,4442
94;Twisting;32,63827017;26,90375766;24,41426346;34,09259338;2363000;575,8874574;475,3885168;1521,404653;444,2245979
95;Twisting;23,10134912;13,65653615;26,51720632;26,53839915;2445000;586,5175201;460,7736288;1168,868652;464,6568239
96;Twisting;45,12242463;17,52533303;-30,90619545;37,66179678;2430000;466,4455556;469,3641453;1449,448224;427,2610353
97;Twisting;63,75035861;13,42434323;-2,798399527;11,71310838;3476000;657,8736991;471,566759;1344,70439;672,8110672
31;Underlying;27,25204239;34,7413515;-24,75660831;37,90489792;2601000;544,1489517;531,5056828;1334,84956;648,4046105
32;Underlying;37,27798579;52,44878614;-15,43879514;65,20153478;3199000;716,3026914;887,6384731;1121,763574;1082,846459
33;Underlying;35,51675282;13,1963307;5,800984811;38,91806823;1715000;632,8822857;590,6530553;1437,417592;994,3978703
34;Underlying;38,01184677;29,8960133;-18,38438575;39,63617763;8039000;733,6091369;936,8829879;1713,52958;1087,345138
35;Underlying;32,86496935;44,04192531;8,629737046;42,21699346;1500000;625,7698649;765,5980393;926,7876734;583,668939
36;Underlying;49,61671078;17,9052846;36,36847355;28,00757606;3602000;786,8222224;789,5549649;1371,217142;756,8312958
37;Underlying;34,83137299;34,87653647;-15,15853285;54,48673725;3000000;721,9552388;633,7913496;1374,807273;806,5419916
38;Underlying;8,354724698;38,88934313;28,36922734;26,88972647;1898000;874,2076428;711,3436859;1117,378469;629,7807835
39;Underlying;20,15519192;19,09427331;20,01929152;12,70961067;2903000;596,5825484;576,4909508;1088,539728;759,2968828
40;Underlying;41,09461342;25,2765312;-3,070570281;27,63109831;3300000;801,4129355;634,0550329;1466,313932;642,0225614
41;Underlying;25,98707225;25,42184289;27,20740669;47,66057928;2797000;544,7803558;546,001725;1214,937412;989,167692
42;Underlying;58,33864287;9,146401942;-11,61728225;21,29413352;5000000;916,0529497;697,3872424;1788,683741;616,99862
43;Underlying;15,21711053;36,54091153;5,529634042;36,34178258;2102000;733,183576;598,4226569;1126,925311;629,3461835
44;Underlying;43,99454488;29,04548513;1,203502548;50,35192491;2199000;538,8684505;550,6348306;1195,916396;754,8929417
45;Underlying;30,68598255;16,74365504;5,023547538;6,595944871;5598000;765,2230774;701,5044707;1138,340096;938,4883337
46;Underlying;57,37398071;21,06547551;41,75767795;60,46964848;2000000;678,5653345;594,1299332;1351,302291;749,6753606
47;Underlying;55,62190715;9,607995368;-27,16439076;12,03842104;4102000;859,3152417;639,62173;1495,178202;704,2178391
48;Underlying;38,6049354;28,31341483;13,82807029;37,8390285;2500000;588,4755202;786,4632007;1278,261653;832,5894157
49;Underlying;28,67862356;33,27668043;-1,365416707;29,32444445;2801000;526,4954685;669,3999004;1096,234346;613,2561384
50;Underlying;32,49741209;22,39245064;27,10680927;20,05775726;5601000;755,0519131;831,7748885;1282,538165;730,6710795
51;Underlying;37,73369251;32,65176936;5,695462655;53,45970445;4797000;698,200261;819,9768314;1313,217845;1020,108459
52;Underlying;16,41616086;23,68404728;2,000170202;17,86362937;4700000;675,5308295;608,1037487;1358,49125;676,2039298
53;Underlying;22,41558911;31,86751549;39,27068437;20,16285291;2270000;695,877215;706,0064741;1113,094916;629,3285693
81;Underlying;41,77064278;21,49710763;12,08430354;17,32172451;2852000;595,4547412;702,8962806;1103,522019;676,1490432
82;Underlying;15,24623357;20,66041056;15,47907936;22,55034822;2507000;658,214441;575,275424;1324,044494;561,3564508
83;Underlying;12,41540591;46,7753725;39,39549844;52,20800722;2574000;805,3731964;848,9108373;1188,285087;847,5866235
84;Underlying;24,07480811;8,963780258;6,102319839;28,05244922;2875000;601,519505;771,2725767;1109,063632;559,9624417
85;Underlying;19,70965635;35,73650772;0,087361981;26,94471413;2047000;619,2887853;831,6389264;1437,307488;703,961525
86;Underlying;52,82091507;6,549148591;25,68120206;19,99973693;3332000;761,9471527;697,3105383;1323,227547;737,349887
87;Underlying;43,28428734;20,19896649;52,74020977;43,69722568;3929000;762,7933147;627,6011132;1316,433034;776,0793579
88;Underlying;27,58637053;14,08307033;23,73942006;8,714131169;2480000;583,0488703;589,3815283;1389,1717;960,6125042
89;Underlying;56,95733439;20,33351761;-25,21525069;29,28943508;3563000;891,0471009;573,5526065;1256,100356;662,3702206
90;Underlying;25,93537713;14,35177155;9,418204758;55,16205282;4238000;664,7982815;602,1354973;1236,135107;831,3648185
91;Underlying;37,78052229;26,85046601;2,362690336;47,20395175;12066000;1054,40932;921,7785841;2354,159473;1274,584395
92;Underlying;40,05851638;25,00432855;-13,39234206;41,58472001;15738000;1297,201854;1421,651474;2184,219694;1669,563146
93;Underlying;58,39407353;28,00954044;-47,32053348;43,10254555;2086000;888,1537675;1006,229626;1256,99355;938,4076503
94;Underlying;34,88343056;47,05805135;0,840929635;34,78839418;3906000;691,67809;895,5126308;1310,61501;798,9821526
95;Underlying;8,061885221;31,84058776;16,66750841;36,8894635;2855000;686,4949889;519,5999977;1289,555104;705,6196791
96;Underlying;39,75464478;31,53026919;1,985383857;45,12908759;23324000;1820,193723;1748,71896;3311,13822;2111,615915
97;Underlying;35,61155652;35,83766353;-7,996073447;15,73714219;2676000;502,5997397;555,3219345;1285,553341;763,1461142
